<?xml version='1.0' encoding='utf-8'?>
<gpx version="1.1" creator="Joker Outdoor" xmlns="http://www.topografix.com/GPX/1/1"><trk><name>龙泉七湖连穿</name><trkseg><trkpt lat="30.555006" lon="104.27761"><ele>494.1</ele></trkpt><trkpt lat="30.555019" lon="104.277722"><ele>494.1</ele></trkpt><trkpt lat="30.555046" lon="104.277836"><ele>491.94</ele></trkpt><trkpt lat="30.555084" lon="104.27793"><ele>490.44</ele></trkpt><trkpt lat="30.555116" lon="104.278047"><ele>490.0</ele></trkpt><trkpt lat="30.555149" lon="104.278164"><ele>489.5</ele></trkpt><trkpt lat="30.555183" lon="104.278286"><ele>488.61</ele></trkpt><trkpt lat="30.555214" lon="104.278414"><ele>488.14</ele></trkpt><trkpt lat="30.555222" lon="104.278545"><ele>488.15</ele></trkpt><trkpt lat="30.55523" lon="104.278674"><ele>488.27</ele></trkpt><trkpt lat="30.555229" lon="104.278796"><ele>488.74</ele></trkpt><trkpt lat="30.55523" lon="104.27892"><ele>489.13</ele></trkpt><trkpt lat="30.55521" lon="104.279037"><ele>489.39</ele></trkpt><trkpt lat="30.55518" lon="104.27915"><ele>489.73</ele></trkpt><trkpt lat="30.555172" lon="104.279272"><ele>490.4</ele></trkpt><trkpt lat="30.555158" lon="104.279385"><ele>490.64</ele></trkpt><trkpt lat="30.555204" lon="104.279471"><ele>491.16</ele></trkpt><trkpt lat="30.555268" lon="104.279558"><ele>491.52</ele></trkpt><trkpt lat="30.555334" lon="104.279644"><ele>491.86</ele></trkpt><trkpt lat="30.555432" lon="104.27969"><ele>492.16</ele></trkpt><trkpt lat="30.555505" lon="104.279716"><ele>491.75</ele></trkpt><trkpt lat="30.555451" lon="104.279731"><ele>492.69</ele></trkpt><trkpt lat="30.555378" lon="104.2798"><ele>492.46</ele></trkpt><trkpt lat="30.555336" lon="104.279844"><ele>493.81</ele></trkpt><trkpt lat="30.555299" lon="104.279954"><ele>494.18</ele></trkpt><trkpt lat="30.555304" lon="104.280077"><ele>494.34</ele></trkpt><trkpt lat="30.555305" lon="104.280197"><ele>494.83</ele></trkpt><trkpt lat="30.555343" lon="104.280317"><ele>495.35</ele></trkpt><trkpt lat="30.555405" lon="104.280419"><ele>495.86</ele></trkpt><trkpt lat="30.555497" lon="104.28049"><ele>495.98</ele></trkpt><trkpt lat="30.555601" lon="104.280545"><ele>496.66</ele></trkpt><trkpt lat="30.55566" lon="104.280547"><ele>496.79</ele></trkpt><trkpt lat="30.555736" lon="104.280588"><ele>497.44</ele></trkpt><trkpt lat="30.555828" lon="104.280598"><ele>497.6</ele></trkpt><trkpt lat="30.555918" lon="104.280564"><ele>497.07</ele></trkpt><trkpt lat="30.555995" lon="104.280601"><ele>496.22</ele></trkpt><trkpt lat="30.556041" lon="104.280699"><ele>495.74</ele></trkpt><trkpt lat="30.5561" lon="104.280805"><ele>495.63</ele></trkpt><trkpt lat="30.556174" lon="104.280891"><ele>495.53</ele></trkpt><trkpt lat="30.556258" lon="104.280969"><ele>495.34</ele></trkpt><trkpt lat="30.556312" lon="104.281062"><ele>495.21</ele></trkpt><trkpt lat="30.556376" lon="104.281159"><ele>495.2</ele></trkpt><trkpt lat="30.55641" lon="104.28127"><ele>495.92</ele></trkpt><trkpt lat="30.556467" lon="104.281373"><ele>497.14</ele></trkpt><trkpt lat="30.556524" lon="104.281471"><ele>498.18</ele></trkpt><trkpt lat="30.55657" lon="104.281565"><ele>498.98</ele></trkpt><trkpt lat="30.556609" lon="104.281682"><ele>499.58</ele></trkpt><trkpt lat="30.556615" lon="104.281803"><ele>500.5</ele></trkpt><trkpt lat="30.556618" lon="104.281919"><ele>501.0</ele></trkpt><trkpt lat="30.556601" lon="104.282032"><ele>501.66</ele></trkpt><trkpt lat="30.556572" lon="104.282152"><ele>502.5</ele></trkpt><trkpt lat="30.556554" lon="104.282269"><ele>503.03</ele></trkpt><trkpt lat="30.556536" lon="104.282397"><ele>503.44</ele></trkpt><trkpt lat="30.556514" lon="104.28252"><ele>504.11</ele></trkpt><trkpt lat="30.556489" lon="104.282644"><ele>504.33</ele></trkpt><trkpt lat="30.556465" lon="104.282772"><ele>504.73</ele></trkpt><trkpt lat="30.556433" lon="104.282899"><ele>505.52</ele></trkpt><trkpt lat="30.556363" lon="104.282999"><ele>506.28</ele></trkpt><trkpt lat="30.556306" lon="104.28309"><ele>507.31</ele></trkpt><trkpt lat="30.556227" lon="104.283175"><ele>508.07</ele></trkpt><trkpt lat="30.556124" lon="104.283243"><ele>509.71</ele></trkpt><trkpt lat="30.556034" lon="104.2833"><ele>509.43</ele></trkpt><trkpt lat="30.555947" lon="104.283337"><ele>509.12</ele></trkpt><trkpt lat="30.555874" lon="104.283404"><ele>509.21</ele></trkpt><trkpt lat="30.555813" lon="104.283495"><ele>509.69</ele></trkpt><trkpt lat="30.555751" lon="104.283587"><ele>510.56</ele></trkpt><trkpt lat="30.555682" lon="104.283662"><ele>510.73</ele></trkpt><trkpt lat="30.555656" lon="104.283772"><ele>510.55</ele></trkpt><trkpt lat="30.555664" lon="104.2839"><ele>510.41</ele></trkpt><trkpt lat="30.555714" lon="104.284007"><ele>510.95</ele></trkpt><trkpt lat="30.555791" lon="104.284096"><ele>510.83</ele></trkpt><trkpt lat="30.555884" lon="104.284142"><ele>510.62</ele></trkpt><trkpt lat="30.555889" lon="104.284225"><ele>510.95</ele></trkpt><trkpt lat="30.555854" lon="104.284318"><ele>511.91</ele></trkpt><trkpt lat="30.555828" lon="104.284429"><ele>513.11</ele></trkpt><trkpt lat="30.555801" lon="104.284544"><ele>514.28</ele></trkpt><trkpt lat="30.555788" lon="104.284655"><ele>516.31</ele></trkpt><trkpt lat="30.555779" lon="104.284772"><ele>519.11</ele></trkpt><trkpt lat="30.555775" lon="104.284881"><ele>521.17</ele></trkpt><trkpt lat="30.555775" lon="104.284994"><ele>524.66</ele></trkpt><trkpt lat="30.555758" lon="104.285107"><ele>529.04</ele></trkpt><trkpt lat="30.55575" lon="104.285219"><ele>533.3</ele></trkpt><trkpt lat="30.555747" lon="104.285326"><ele>538.06</ele></trkpt><trkpt lat="30.55575" lon="104.285431"><ele>542.63</ele></trkpt><trkpt lat="30.555709" lon="104.285534"><ele>546.05</ele></trkpt><trkpt lat="30.555655" lon="104.285633"><ele>549.31</ele></trkpt><trkpt lat="30.555605" lon="104.285728"><ele>552.8</ele></trkpt><trkpt lat="30.555568" lon="104.285824"><ele>555.96</ele></trkpt><trkpt lat="30.555534" lon="104.285922"><ele>558.63</ele></trkpt><trkpt lat="30.555488" lon="104.286027"><ele>561.31</ele></trkpt><trkpt lat="30.55545" lon="104.286128"><ele>564.16</ele></trkpt><trkpt lat="30.555425" lon="104.286231"><ele>566.5</ele></trkpt><trkpt lat="30.555382" lon="104.286327"><ele>568.65</ele></trkpt><trkpt lat="30.555318" lon="104.286401"><ele>570.55</ele></trkpt><trkpt lat="30.55526" lon="104.286493"><ele>572.61</ele></trkpt><trkpt lat="30.555212" lon="104.28659"><ele>575.25</ele></trkpt><trkpt lat="30.55517" lon="104.286697"><ele>577.92</ele></trkpt><trkpt lat="30.555136" lon="104.286798"><ele>579.59</ele></trkpt><trkpt lat="30.555105" lon="104.286909"><ele>580.95</ele></trkpt><trkpt lat="30.555062" lon="104.287021"><ele>582.93</ele></trkpt><trkpt lat="30.555024" lon="104.287127"><ele>584.95</ele></trkpt><trkpt lat="30.555009" lon="104.287231"><ele>589.38</ele></trkpt><trkpt lat="30.554987" lon="104.287338"><ele>592.41</ele></trkpt><trkpt lat="30.554923" lon="104.28741"><ele>595.46</ele></trkpt><trkpt lat="30.554837" lon="104.287461"><ele>597.73</ele></trkpt><trkpt lat="30.554756" lon="104.287518"><ele>600.36</ele></trkpt><trkpt lat="30.554686" lon="104.287598"><ele>602.26</ele></trkpt><trkpt lat="30.554658" lon="104.287712"><ele>603.46</ele></trkpt><trkpt lat="30.554681" lon="104.287823"><ele>603.04</ele></trkpt><trkpt lat="30.554703" lon="104.287935"><ele>603.08</ele></trkpt><trkpt lat="30.554721" lon="104.28805"><ele>603.51</ele></trkpt><trkpt lat="30.554737" lon="104.28816"><ele>604.52</ele></trkpt><trkpt lat="30.554734" lon="104.28829"><ele>605.49</ele></trkpt><trkpt lat="30.554753" lon="104.288411"><ele>606.75</ele></trkpt><trkpt lat="30.554734" lon="104.288514"><ele>611.03</ele></trkpt><trkpt lat="30.554671" lon="104.288586"><ele>614.31</ele></trkpt><trkpt lat="30.554601" lon="104.288657"><ele>617.62</ele></trkpt><trkpt lat="30.554517" lon="104.288718"><ele>619.83</ele></trkpt><trkpt lat="30.554431" lon="104.288766"><ele>621.99</ele></trkpt><trkpt lat="30.554353" lon="104.288832"><ele>624.82</ele></trkpt><trkpt lat="30.554278" lon="104.288898"><ele>627.64</ele></trkpt><trkpt lat="30.55426" lon="104.288993"><ele>628.35</ele></trkpt><trkpt lat="30.55424" lon="104.289102"><ele>630.46</ele></trkpt><trkpt lat="30.554223" lon="104.289216"><ele>631.71</ele></trkpt><trkpt lat="30.554215" lon="104.289328"><ele>633.71</ele></trkpt><trkpt lat="30.554225" lon="104.289435"><ele>635.53</ele></trkpt><trkpt lat="30.554262" lon="104.289535"><ele>636.06</ele></trkpt><trkpt lat="30.554288" lon="104.289645"><ele>637.19</ele></trkpt><trkpt lat="30.554312" lon="104.289752"><ele>638.64</ele></trkpt><trkpt lat="30.554283" lon="104.289858"><ele>641.97</ele></trkpt><trkpt lat="30.554208" lon="104.289924"><ele>642.3</ele></trkpt><trkpt lat="30.554122" lon="104.289982"><ele>642.8</ele></trkpt><trkpt lat="30.554063" lon="104.290065"><ele>642.65</ele></trkpt><trkpt lat="30.554015" lon="104.290159"><ele>644.89</ele></trkpt><trkpt lat="30.55399" lon="104.290261"><ele>643.5</ele></trkpt><trkpt lat="30.554004" lon="104.290368"><ele>642.15</ele></trkpt><trkpt lat="30.554001" lon="104.290478"><ele>640.5</ele></trkpt><trkpt lat="30.553962" lon="104.290574"><ele>638.54</ele></trkpt><trkpt lat="30.553904" lon="104.290677"><ele>636.74</ele></trkpt><trkpt lat="30.553848" lon="104.290787"><ele>634.91</ele></trkpt><trkpt lat="30.553798" lon="104.290896"><ele>630.61</ele></trkpt><trkpt lat="30.553743" lon="104.290992"><ele>627.89</ele></trkpt><trkpt lat="30.553706" lon="104.291093"><ele>626.37</ele></trkpt><trkpt lat="30.553679" lon="104.291195"><ele>625.44</ele></trkpt><trkpt lat="30.55372" lon="104.291294"><ele>624.94</ele></trkpt><trkpt lat="30.553774" lon="104.291396"><ele>625.17</ele></trkpt><trkpt lat="30.553791" lon="104.291501"><ele>625.36</ele></trkpt><trkpt lat="30.553779" lon="104.291604"><ele>625.83</ele></trkpt><trkpt lat="30.553758" lon="104.291708"><ele>626.56</ele></trkpt><trkpt lat="30.553759" lon="104.291823"><ele>630.23</ele></trkpt><trkpt lat="30.553758" lon="104.291935"><ele>632.59</ele></trkpt><trkpt lat="30.553789" lon="104.292039"><ele>633.84</ele></trkpt><trkpt lat="30.553803" lon="104.292147"><ele>634.76</ele></trkpt><trkpt lat="30.553831" lon="104.29225"><ele>636.38</ele></trkpt><trkpt lat="30.553844" lon="104.292361"><ele>639.35</ele></trkpt><trkpt lat="30.553857" lon="104.292469"><ele>641.2</ele></trkpt><trkpt lat="30.553908" lon="104.292557"><ele>643.43</ele></trkpt><trkpt lat="30.553975" lon="104.292632"><ele>645.62</ele></trkpt><trkpt lat="30.554014" lon="104.292738"><ele>648.49</ele></trkpt><trkpt lat="30.554037" lon="104.292841"><ele>652.0</ele></trkpt><trkpt lat="30.554092" lon="104.292933"><ele>655.21</ele></trkpt><trkpt lat="30.554143" lon="104.293023"><ele>658.8</ele></trkpt><trkpt lat="30.554184" lon="104.293132"><ele>662.7</ele></trkpt><trkpt lat="30.554236" lon="104.293244"><ele>666.09</ele></trkpt><trkpt lat="30.554301" lon="104.293328"><ele>666.61</ele></trkpt><trkpt lat="30.554374" lon="104.293406"><ele>667.37</ele></trkpt><trkpt lat="30.554434" lon="104.29349"><ele>668.43</ele></trkpt><trkpt lat="30.5545" lon="104.293567"><ele>668.69</ele></trkpt><trkpt lat="30.554586" lon="104.293631"><ele>668.89</ele></trkpt><trkpt lat="30.554659" lon="104.2937"><ele>670.34</ele></trkpt><trkpt lat="30.554733" lon="104.293774"><ele>669.99</ele></trkpt><trkpt lat="30.55481" lon="104.293862"><ele>669.24</ele></trkpt><trkpt lat="30.554881" lon="104.293948"><ele>668.84</ele></trkpt><trkpt lat="30.554956" lon="104.294015"><ele>668.68</ele></trkpt><trkpt lat="30.555042" lon="104.294075"><ele>668.75</ele></trkpt><trkpt lat="30.555125" lon="104.294147"><ele>669.09</ele></trkpt><trkpt lat="30.5552" lon="104.29422"><ele>669.01</ele></trkpt><trkpt lat="30.555272" lon="104.294286"><ele>668.52</ele></trkpt><trkpt lat="30.555347" lon="104.294342"><ele>668.04</ele></trkpt><trkpt lat="30.555418" lon="104.294415"><ele>667.67</ele></trkpt><trkpt lat="30.555499" lon="104.294496"><ele>667.64</ele></trkpt><trkpt lat="30.55558" lon="104.294572"><ele>667.66</ele></trkpt><trkpt lat="30.555549" lon="104.294646"><ele>667.59</ele></trkpt><trkpt lat="30.555466" lon="104.294717"><ele>667.56</ele></trkpt><trkpt lat="30.555378" lon="104.294783"><ele>665.88</ele></trkpt><trkpt lat="30.555301" lon="104.294865"><ele>664.08</ele></trkpt><trkpt lat="30.555216" lon="104.294941"><ele>662.8</ele></trkpt><trkpt lat="30.555143" lon="104.295019"><ele>660.39</ele></trkpt><trkpt lat="30.555115" lon="104.295132"><ele>659.57</ele></trkpt><trkpt lat="30.555111" lon="104.295255"><ele>658.99</ele></trkpt><trkpt lat="30.555079" lon="104.295359"><ele>659.85</ele></trkpt><trkpt lat="30.555042" lon="104.295465"><ele>660.67</ele></trkpt><trkpt lat="30.555002" lon="104.295577"><ele>662.52</ele></trkpt><trkpt lat="30.554971" lon="104.29569"><ele>664.1</ele></trkpt><trkpt lat="30.554941" lon="104.295808"><ele>666.37</ele></trkpt><trkpt lat="30.554935" lon="104.295923"><ele>668.09</ele></trkpt><trkpt lat="30.554944" lon="104.296035"><ele>670.08</ele></trkpt><trkpt lat="30.554982" lon="104.296144"><ele>671.6</ele></trkpt><trkpt lat="30.555035" lon="104.29624"><ele>672.81</ele></trkpt><trkpt lat="30.555089" lon="104.296341"><ele>673.66</ele></trkpt><trkpt lat="30.55514" lon="104.296438"><ele>674.85</ele></trkpt><trkpt lat="30.555176" lon="104.296544"><ele>676.18</ele></trkpt><trkpt lat="30.555209" lon="104.29665"><ele>676.95</ele></trkpt><trkpt lat="30.555214" lon="104.296768"><ele>677.69</ele></trkpt><trkpt lat="30.555204" lon="104.296882"><ele>679.12</ele></trkpt><trkpt lat="30.555205" lon="104.296988"><ele>681.0</ele></trkpt><trkpt lat="30.555237" lon="104.2971"><ele>683.19</ele></trkpt><trkpt lat="30.555319" lon="104.297171"><ele>685.24</ele></trkpt><trkpt lat="30.555412" lon="104.297212"><ele>686.7</ele></trkpt><trkpt lat="30.555511" lon="104.297242"><ele>687.36</ele></trkpt><trkpt lat="30.55559" lon="104.297317"><ele>689.83</ele></trkpt><trkpt lat="30.555621" lon="104.29742"><ele>691.74</ele></trkpt><trkpt lat="30.555563" lon="104.297509"><ele>693.35</ele></trkpt><trkpt lat="30.555469" lon="104.297587"><ele>695.09</ele></trkpt><trkpt lat="30.555424" lon="104.297686"><ele>697.1</ele></trkpt><trkpt lat="30.55542" lon="104.297796"><ele>698.55</ele></trkpt><trkpt lat="30.555437" lon="104.297905"><ele>699.47</ele></trkpt><trkpt lat="30.555488" lon="104.298006"><ele>700.67</ele></trkpt><trkpt lat="30.555549" lon="104.298093"><ele>701.78</ele></trkpt><trkpt lat="30.555615" lon="104.298175"><ele>703.18</ele></trkpt><trkpt lat="30.555666" lon="104.298263"><ele>704.14</ele></trkpt><trkpt lat="30.55572" lon="104.298374"><ele>705.26</ele></trkpt><trkpt lat="30.555771" lon="104.298479"><ele>706.44</ele></trkpt><trkpt lat="30.555804" lon="104.298581"><ele>708.17</ele></trkpt><trkpt lat="30.555841" lon="104.298694"><ele>710.92</ele></trkpt><trkpt lat="30.555889" lon="104.298793"><ele>713.49</ele></trkpt><trkpt lat="30.555968" lon="104.298847"><ele>715.19</ele></trkpt><trkpt lat="30.556055" lon="104.298887"><ele>716.43</ele></trkpt><trkpt lat="30.556141" lon="104.298938"><ele>717.98</ele></trkpt><trkpt lat="30.556199" lon="104.299021"><ele>719.58</ele></trkpt><trkpt lat="30.556249" lon="104.299127"><ele>720.67</ele></trkpt><trkpt lat="30.556281" lon="104.299245"><ele>721.29</ele></trkpt><trkpt lat="30.556331" lon="104.299346"><ele>720.87</ele></trkpt><trkpt lat="30.556394" lon="104.299433"><ele>720.87</ele></trkpt><trkpt lat="30.556472" lon="104.29949"><ele>722.1</ele></trkpt><trkpt lat="30.55656" lon="104.299513"><ele>724.35</ele></trkpt><trkpt lat="30.556671" lon="104.299522"><ele>726.49</ele></trkpt><trkpt lat="30.556773" lon="104.29953"><ele>728.39</ele></trkpt><trkpt lat="30.556831" lon="104.299605"><ele>730.75</ele></trkpt><trkpt lat="30.556809" lon="104.299724"><ele>733.19</ele></trkpt><trkpt lat="30.556779" lon="104.299839"><ele>735.23</ele></trkpt><trkpt lat="30.556784" lon="104.299958"><ele>735.12</ele></trkpt><trkpt lat="30.556813" lon="104.300074"><ele>734.53</ele></trkpt><trkpt lat="30.556847" lon="104.300185"><ele>733.6</ele></trkpt><trkpt lat="30.556841" lon="104.3003"><ele>732.74</ele></trkpt><trkpt lat="30.556809" lon="104.300416"><ele>731.48</ele></trkpt><trkpt lat="30.556776" lon="104.30052"><ele>729.4</ele></trkpt><trkpt lat="30.556774" lon="104.300637"><ele>726.63</ele></trkpt><trkpt lat="30.556781" lon="104.300667"><ele>722.63</ele></trkpt><trkpt lat="30.556804" lon="104.300753"><ele>720.9</ele></trkpt><trkpt lat="30.55685" lon="104.300852"><ele>719.31</ele></trkpt><trkpt lat="30.556878" lon="104.30096"><ele>717.47</ele></trkpt><trkpt lat="30.556913" lon="104.301066"><ele>715.26</ele></trkpt><trkpt lat="30.556966" lon="104.30115"><ele>714.21</ele></trkpt><trkpt lat="30.557019" lon="104.301241"><ele>713.04</ele></trkpt><trkpt lat="30.55707" lon="104.301336"><ele>711.95</ele></trkpt><trkpt lat="30.557121" lon="104.301439"><ele>710.52</ele></trkpt><trkpt lat="30.557162" lon="104.301538"><ele>709.4</ele></trkpt><trkpt lat="30.557204" lon="104.30165"><ele>709.26</ele></trkpt><trkpt lat="30.557214" lon="104.301775"><ele>708.44</ele></trkpt><trkpt lat="30.557243" lon="104.301885"><ele>707.52</ele></trkpt><trkpt lat="30.557304" lon="104.301983"><ele>706.47</ele></trkpt><trkpt lat="30.557366" lon="104.302083"><ele>705.46</ele></trkpt><trkpt lat="30.557418" lon="104.302189"><ele>704.95</ele></trkpt><trkpt lat="30.557468" lon="104.302282"><ele>704.27</ele></trkpt><trkpt lat="30.557502" lon="104.302384"><ele>703.81</ele></trkpt><trkpt lat="30.557517" lon="104.302422"><ele>703.32</ele></trkpt><trkpt lat="30.557533" lon="104.302516"><ele>703.08</ele></trkpt><trkpt lat="30.557564" lon="104.302634"><ele>702.93</ele></trkpt><trkpt lat="30.557585" lon="104.302749"><ele>703.38</ele></trkpt><trkpt lat="30.557604" lon="104.302866"><ele>703.8</ele></trkpt><trkpt lat="30.557621" lon="104.302986"><ele>704.85</ele></trkpt><trkpt lat="30.557637" lon="104.303098"><ele>705.62</ele></trkpt><trkpt lat="30.557645" lon="104.303206"><ele>706.52</ele></trkpt><trkpt lat="30.557662" lon="104.303318"><ele>707.68</ele></trkpt><trkpt lat="30.55771" lon="104.303414"><ele>709.05</ele></trkpt><trkpt lat="30.557793" lon="104.303478"><ele>710.51</ele></trkpt><trkpt lat="30.557894" lon="104.303506"><ele>712.6</ele></trkpt><trkpt lat="30.557985" lon="104.303567"><ele>713.57</ele></trkpt><trkpt lat="30.558054" lon="104.303651"><ele>714.38</ele></trkpt><trkpt lat="30.558122" lon="104.303738"><ele>715.03</ele></trkpt><trkpt lat="30.558191" lon="104.303816"><ele>715.44</ele></trkpt><trkpt lat="30.558259" lon="104.303894"><ele>716.71</ele></trkpt><trkpt lat="30.558337" lon="104.303969"><ele>718.24</ele></trkpt><trkpt lat="30.558415" lon="104.304044"><ele>719.5</ele></trkpt><trkpt lat="30.558484" lon="104.304137"><ele>720.96</ele></trkpt><trkpt lat="30.55856" lon="104.304211"><ele>720.85</ele></trkpt><trkpt lat="30.558624" lon="104.304311"><ele>721.66</ele></trkpt><trkpt lat="30.558634" lon="104.304435"><ele>722.13</ele></trkpt><trkpt lat="30.558646" lon="104.304561"><ele>722.34</ele></trkpt><trkpt lat="30.558666" lon="104.304682"><ele>722.32</ele></trkpt><trkpt lat="30.558733" lon="104.304742"><ele>724.14</ele></trkpt><trkpt lat="30.558805" lon="104.304698"><ele>724.98</ele></trkpt><trkpt lat="30.558853" lon="104.304607"><ele>725.36</ele></trkpt><trkpt lat="30.558949" lon="104.304566"><ele>725.48</ele></trkpt><trkpt lat="30.559058" lon="104.304552"><ele>725.21</ele></trkpt><trkpt lat="30.559175" lon="104.30458"><ele>725.93</ele></trkpt><trkpt lat="30.559274" lon="104.304631"><ele>725.39</ele></trkpt><trkpt lat="30.559361" lon="104.304687"><ele>725.0</ele></trkpt><trkpt lat="30.559444" lon="104.304755"><ele>725.47</ele></trkpt><trkpt lat="30.559525" lon="104.304821"><ele>727.65</ele></trkpt><trkpt lat="30.559594" lon="104.304897"><ele>729.38</ele></trkpt><trkpt lat="30.559645" lon="104.305002"><ele>730.57</ele></trkpt><trkpt lat="30.559686" lon="104.305103"><ele>731.12</ele></trkpt><trkpt lat="30.559704" lon="104.305215"><ele>731.95</ele></trkpt><trkpt lat="30.559728" lon="104.305319"><ele>730.73</ele></trkpt><trkpt lat="30.559763" lon="104.305424"><ele>730.37</ele></trkpt><trkpt lat="30.559809" lon="104.305535"><ele>729.86</ele></trkpt><trkpt lat="30.559867" lon="104.305635"><ele>729.03</ele></trkpt><trkpt lat="30.559933" lon="104.305737"><ele>728.55</ele></trkpt><trkpt lat="30.559999" lon="104.305838"><ele>728.0</ele></trkpt><trkpt lat="30.560085" lon="104.305881"><ele>727.52</ele></trkpt><trkpt lat="30.560176" lon="104.305893"><ele>726.48</ele></trkpt><trkpt lat="30.560271" lon="104.305868"><ele>725.02</ele></trkpt><trkpt lat="30.560349" lon="104.305913"><ele>723.83</ele></trkpt><trkpt lat="30.560422" lon="104.305864"><ele>721.77</ele></trkpt><trkpt lat="30.56047" lon="104.305758"><ele>720.08</ele></trkpt><trkpt lat="30.560482" lon="104.30564"><ele>718.55</ele></trkpt><trkpt lat="30.560492" lon="104.305523"><ele>717.63</ele></trkpt><trkpt lat="30.560502" lon="104.305403"><ele>716.75</ele></trkpt><trkpt lat="30.560527" lon="104.305294"><ele>715.99</ele></trkpt><trkpt lat="30.560561" lon="104.305185"><ele>715.0</ele></trkpt><trkpt lat="30.560593" lon="104.305078"><ele>714.03</ele></trkpt><trkpt lat="30.560613" lon="104.304957"><ele>713.06</ele></trkpt><trkpt lat="30.560638" lon="104.304828"><ele>711.91</ele></trkpt><trkpt lat="30.560658" lon="104.304702"><ele>710.63</ele></trkpt><trkpt lat="30.560658" lon="104.304585"><ele>709.52</ele></trkpt><trkpt lat="30.560658" lon="104.304475"><ele>708.39</ele></trkpt><trkpt lat="30.560656" lon="104.304364"><ele>706.89</ele></trkpt><trkpt lat="30.56065" lon="104.304243"><ele>705.49</ele></trkpt><trkpt lat="30.560617" lon="104.304121"><ele>704.24</ele></trkpt><trkpt lat="30.560592" lon="104.304003"><ele>702.52</ele></trkpt><trkpt lat="30.560571" lon="104.303892"><ele>700.49</ele></trkpt><trkpt lat="30.560546" lon="104.303782"><ele>698.87</ele></trkpt><trkpt lat="30.560527" lon="104.30367"><ele>697.08</ele></trkpt><trkpt lat="30.560517" lon="104.303545"><ele>695.63</ele></trkpt><trkpt lat="30.56051" lon="104.303427"><ele>693.96</ele></trkpt><trkpt lat="30.560489" lon="104.303312"><ele>692.24</ele></trkpt><trkpt lat="30.560456" lon="104.303206"><ele>690.65</ele></trkpt><trkpt lat="30.560418" lon="104.303106"><ele>689.27</ele></trkpt><trkpt lat="30.560372" lon="104.303006"><ele>687.81</ele></trkpt><trkpt lat="30.560333" lon="104.302905"><ele>686.83</ele></trkpt><trkpt lat="30.5603" lon="104.302804"><ele>685.85</ele></trkpt><trkpt lat="30.560246" lon="104.302694"><ele>682.29</ele></trkpt><trkpt lat="30.560206" lon="104.302588"><ele>682.28</ele></trkpt><trkpt lat="30.560196" lon="104.302473"><ele>681.05</ele></trkpt><trkpt lat="30.560231" lon="104.302375"><ele>678.75</ele></trkpt><trkpt lat="30.560311" lon="104.302394"><ele>677.96</ele></trkpt><trkpt lat="30.560397" lon="104.302458"><ele>677.0</ele></trkpt><trkpt lat="30.560464" lon="104.302554"><ele>675.01</ele></trkpt><trkpt lat="30.560544" lon="104.302631"><ele>672.37</ele></trkpt><trkpt lat="30.560628" lon="104.30272"><ele>670.65</ele></trkpt><trkpt lat="30.560721" lon="104.302814"><ele>670.33</ele></trkpt><trkpt lat="30.560811" lon="104.302893"><ele>670.44</ele></trkpt><trkpt lat="30.560902" lon="104.302953"><ele>670.08</ele></trkpt><trkpt lat="30.560991" lon="104.303037"><ele>669.21</ele></trkpt><trkpt lat="30.561066" lon="104.303138"><ele>665.67</ele></trkpt><trkpt lat="30.561134" lon="104.303239"><ele>663.96</ele></trkpt><trkpt lat="30.561203" lon="104.303337"><ele>663.02</ele></trkpt><trkpt lat="30.56127" lon="104.303421"><ele>662.3</ele></trkpt><trkpt lat="30.56134" lon="104.303514"><ele>659.49</ele></trkpt><trkpt lat="30.561401" lon="104.3036"><ele>658.21</ele></trkpt><trkpt lat="30.561478" lon="104.303685"><ele>657.75</ele></trkpt><trkpt lat="30.561576" lon="104.303743"><ele>657.33</ele></trkpt><trkpt lat="30.561688" lon="104.303777"><ele>656.9</ele></trkpt><trkpt lat="30.561787" lon="104.303787"><ele>656.63</ele></trkpt><trkpt lat="30.561882" lon="104.303815"><ele>656.32</ele></trkpt><trkpt lat="30.56196" lon="104.303868"><ele>655.53</ele></trkpt><trkpt lat="30.562043" lon="104.303943"><ele>655.1</ele></trkpt><trkpt lat="30.562128" lon="104.304032"><ele>654.54</ele></trkpt><trkpt lat="30.562193" lon="104.304142"><ele>654.2</ele></trkpt><trkpt lat="30.562243" lon="104.304261"><ele>654.0</ele></trkpt><trkpt lat="30.562288" lon="104.304375"><ele>653.6</ele></trkpt><trkpt lat="30.562343" lon="104.304473"><ele>653.3</ele></trkpt><trkpt lat="30.562406" lon="104.304551"><ele>652.97</ele></trkpt><trkpt lat="30.562507" lon="104.304578"><ele>652.8</ele></trkpt><trkpt lat="30.562616" lon="104.304598"><ele>651.95</ele></trkpt><trkpt lat="30.562713" lon="104.304626"><ele>649.7</ele></trkpt><trkpt lat="30.562808" lon="104.304602"><ele>648.85</ele></trkpt><trkpt lat="30.562909" lon="104.304554"><ele>648.19</ele></trkpt><trkpt lat="30.563009" lon="104.304499"><ele>647.64</ele></trkpt><trkpt lat="30.563117" lon="104.304453"><ele>646.61</ele></trkpt><trkpt lat="30.563219" lon="104.304418"><ele>645.26</ele></trkpt><trkpt lat="30.563312" lon="104.304399"><ele>644.04</ele></trkpt><trkpt lat="30.563406" lon="104.304423"><ele>642.86</ele></trkpt><trkpt lat="30.563503" lon="104.304394"><ele>641.8</ele></trkpt><trkpt lat="30.563546" lon="104.304302"><ele>640.46</ele></trkpt><trkpt lat="30.563558" lon="104.304188"><ele>637.95</ele></trkpt><trkpt lat="30.563557" lon="104.304074"><ele>635.57</ele></trkpt><trkpt lat="30.56354" lon="104.303956"><ele>633.01</ele></trkpt><trkpt lat="30.563533" lon="104.303827"><ele>630.87</ele></trkpt><trkpt lat="30.563556" lon="104.303714"><ele>628.8</ele></trkpt><trkpt lat="30.563585" lon="104.303588"><ele>628.91</ele></trkpt><trkpt lat="30.563634" lon="104.303472"><ele>626.31</ele></trkpt><trkpt lat="30.563687" lon="104.303373"><ele>625.89</ele></trkpt><trkpt lat="30.563762" lon="104.303307"><ele>624.88</ele></trkpt><trkpt lat="30.563856" lon="104.303296"><ele>624.14</ele></trkpt><trkpt lat="30.563958" lon="104.303306"><ele>621.18</ele></trkpt><trkpt lat="30.564062" lon="104.303276"><ele>620.02</ele></trkpt><trkpt lat="30.564159" lon="104.303237"><ele>618.05</ele></trkpt><trkpt lat="30.564262" lon="104.303205"><ele>616.59</ele></trkpt><trkpt lat="30.564331" lon="104.303122"><ele>614.22</ele></trkpt><trkpt lat="30.564323" lon="104.30299"><ele>612.38</ele></trkpt><trkpt lat="30.564275" lon="104.302862"><ele>610.88</ele></trkpt><trkpt lat="30.56427" lon="104.302785"><ele>610.64</ele></trkpt><trkpt lat="30.564309" lon="104.302699"><ele>608.69</ele></trkpt><trkpt lat="30.564377" lon="104.30262"><ele>607.18</ele></trkpt><trkpt lat="30.564388" lon="104.302557"><ele>606.01</ele></trkpt><trkpt lat="30.564435" lon="104.302483"><ele>605.21</ele></trkpt><trkpt lat="30.564508" lon="104.302424"><ele>603.23</ele></trkpt><trkpt lat="30.564548" lon="104.302332"><ele>601.12</ele></trkpt><trkpt lat="30.564581" lon="104.302227"><ele>599.28</ele></trkpt><trkpt lat="30.564627" lon="104.302128"><ele>597.22</ele></trkpt><trkpt lat="30.56465" lon="104.30202"><ele>595.08</ele></trkpt><trkpt lat="30.564685" lon="104.30192"><ele>593.78</ele></trkpt><trkpt lat="30.564728" lon="104.301826"><ele>592.45</ele></trkpt><trkpt lat="30.564781" lon="104.301739"><ele>590.0</ele></trkpt><trkpt lat="30.5648" lon="104.301638"><ele>589.08</ele></trkpt><trkpt lat="30.564803" lon="104.301518"><ele>589.42</ele></trkpt><trkpt lat="30.564816" lon="104.301403"><ele>589.3</ele></trkpt><trkpt lat="30.564823" lon="104.301353"><ele>589.11</ele></trkpt><trkpt lat="30.564785" lon="104.301272"><ele>588.86</ele></trkpt><trkpt lat="30.564739" lon="104.301182"><ele>588.06</ele></trkpt><trkpt lat="30.564733" lon="104.30105"><ele>586.27</ele></trkpt><trkpt lat="30.564752" lon="104.300914"><ele>584.19</ele></trkpt><trkpt lat="30.564761" lon="104.300797"><ele>581.29</ele></trkpt><trkpt lat="30.564791" lon="104.300686"><ele>579.33</ele></trkpt><trkpt lat="30.564821" lon="104.300583"><ele>577.93</ele></trkpt><trkpt lat="30.56489" lon="104.300499"><ele>577.47</ele></trkpt><trkpt lat="30.564986" lon="104.300452"><ele>576.28</ele></trkpt><trkpt lat="30.565057" lon="104.300369"><ele>575.5</ele></trkpt><trkpt lat="30.565127" lon="104.30026"><ele>574.97</ele></trkpt><trkpt lat="30.565194" lon="104.300174"><ele>573.66</ele></trkpt><trkpt lat="30.565259" lon="104.300094"><ele>572.41</ele></trkpt><trkpt lat="30.565339" lon="104.300048"><ele>570.68</ele></trkpt><trkpt lat="30.565407" lon="104.299983"><ele>566.47</ele></trkpt><trkpt lat="30.565473" lon="104.299905"><ele>561.39</ele></trkpt><trkpt lat="30.565541" lon="104.299826"><ele>557.42</ele></trkpt><trkpt lat="30.565627" lon="104.299781"><ele>553.89</ele></trkpt><trkpt lat="30.565697" lon="104.299715"><ele>550.44</ele></trkpt><trkpt lat="30.565779" lon="104.299668"><ele>546.63</ele></trkpt><trkpt lat="30.565865" lon="104.299633"><ele>543.94</ele></trkpt><trkpt lat="30.565954" lon="104.299595"><ele>540.65</ele></trkpt><trkpt lat="30.566042" lon="104.299542"><ele>535.82</ele></trkpt><trkpt lat="30.566089" lon="104.299444"><ele>531.27</ele></trkpt><trkpt lat="30.566167" lon="104.299415"><ele>527.05</ele></trkpt><trkpt lat="30.56624" lon="104.299349"><ele>524.07</ele></trkpt><trkpt lat="30.566332" lon="104.299357"><ele>521.41</ele></trkpt><trkpt lat="30.566423" lon="104.299386"><ele>518.59</ele></trkpt><trkpt lat="30.56652" lon="104.299415"><ele>516.4</ele></trkpt><trkpt lat="30.566611" lon="104.299368"><ele>513.52</ele></trkpt><trkpt lat="30.566705" lon="104.299283"><ele>512.28</ele></trkpt><trkpt lat="30.56678" lon="104.299188"><ele>510.93</ele></trkpt><trkpt lat="30.566873" lon="104.299136"><ele>509.76</ele></trkpt><trkpt lat="30.566971" lon="104.299112"><ele>507.71</ele></trkpt><trkpt lat="30.56707" lon="104.299102"><ele>507.15</ele></trkpt><trkpt lat="30.567173" lon="104.299096"><ele>506.65</ele></trkpt><trkpt lat="30.567231" lon="104.299025"><ele>506.38</ele></trkpt><trkpt lat="30.567275" lon="104.298912"><ele>505.99</ele></trkpt><trkpt lat="30.567292" lon="104.298789"><ele>505.82</ele></trkpt><trkpt lat="30.567298" lon="104.298734"><ele>505.12</ele></trkpt><trkpt lat="30.567339" lon="104.298652"><ele>506.08</ele></trkpt><trkpt lat="30.567415" lon="104.29858"><ele>507.06</ele></trkpt><trkpt lat="30.567507" lon="104.29851"><ele>507.96</ele></trkpt><trkpt lat="30.567599" lon="104.298442"><ele>508.76</ele></trkpt><trkpt lat="30.567685" lon="104.298382"><ele>508.99</ele></trkpt><trkpt lat="30.567787" lon="104.298349"><ele>508.79</ele></trkpt><trkpt lat="30.56789" lon="104.298322"><ele>507.83</ele></trkpt><trkpt lat="30.567985" lon="104.298317"><ele>507.86</ele></trkpt><trkpt lat="30.568075" lon="104.298277"><ele>507.09</ele></trkpt><trkpt lat="30.56816" lon="104.298218"><ele>506.78</ele></trkpt><trkpt lat="30.568238" lon="104.298147"><ele>506.09</ele></trkpt><trkpt lat="30.568315" lon="104.298072"><ele>504.25</ele></trkpt><trkpt lat="30.568377" lon="104.297989"><ele>504.52</ele></trkpt><trkpt lat="30.568433" lon="104.297926"><ele>504.59</ele></trkpt><trkpt lat="30.568507" lon="104.297868"><ele>505.32</ele></trkpt><trkpt lat="30.568572" lon="104.297797"><ele>505.26</ele></trkpt><trkpt lat="30.568638" lon="104.29769"><ele>504.52</ele></trkpt><trkpt lat="30.568728" lon="104.297628"><ele>503.08</ele></trkpt><trkpt lat="30.568837" lon="104.297608"><ele>502.84</ele></trkpt><trkpt lat="30.568944" lon="104.297596"><ele>502.61</ele></trkpt><trkpt lat="30.56905" lon="104.297613"><ele>502.85</ele></trkpt><trkpt lat="30.569146" lon="104.297621"><ele>503.05</ele></trkpt><trkpt lat="30.569245" lon="104.297623"><ele>503.41</ele></trkpt><trkpt lat="30.569353" lon="104.297603"><ele>503.22</ele></trkpt><trkpt lat="30.569458" lon="104.297547"><ele>501.48</ele></trkpt><trkpt lat="30.569561" lon="104.297495"><ele>501.71</ele></trkpt><trkpt lat="30.569657" lon="104.297457"><ele>502.8</ele></trkpt><trkpt lat="30.569755" lon="104.29739"><ele>503.52</ele></trkpt><trkpt lat="30.569831" lon="104.297313"><ele>501.68</ele></trkpt><trkpt lat="30.569911" lon="104.297269"><ele>502.33</ele></trkpt><trkpt lat="30.569999" lon="104.297294"><ele>502.61</ele></trkpt><trkpt lat="30.570059" lon="104.297293"><ele>502.55</ele></trkpt><trkpt lat="30.570137" lon="104.297334"><ele>502.5</ele></trkpt><trkpt lat="30.570239" lon="104.297384"><ele>502.41</ele></trkpt><trkpt lat="30.570334" lon="104.297431"><ele>502.28</ele></trkpt><trkpt lat="30.570391" lon="104.297514"><ele>500.99</ele></trkpt><trkpt lat="30.570455" lon="104.2976"><ele>501.13</ele></trkpt><trkpt lat="30.570524" lon="104.297673"><ele>501.51</ele></trkpt><trkpt lat="30.570623" lon="104.297739"><ele>501.86</ele></trkpt><trkpt lat="30.570688" lon="104.297798"><ele>501.82</ele></trkpt><trkpt lat="30.570739" lon="104.297898"><ele>501.95</ele></trkpt><trkpt lat="30.570751" lon="104.298027"><ele>501.15</ele></trkpt><trkpt lat="30.570762" lon="104.298145"><ele>502.46</ele></trkpt><trkpt lat="30.570779" lon="104.298259"><ele>502.53</ele></trkpt><trkpt lat="30.570833" lon="104.298358"><ele>501.88</ele></trkpt><trkpt lat="30.570845" lon="104.298468"><ele>501.03</ele></trkpt><trkpt lat="30.570833" lon="104.298591"><ele>500.93</ele></trkpt><trkpt lat="30.570852" lon="104.298703"><ele>501.53</ele></trkpt><trkpt lat="30.570864" lon="104.298825"><ele>502.94</ele></trkpt><trkpt lat="30.570876" lon="104.298963"><ele>503.67</ele></trkpt><trkpt lat="30.570884" lon="104.299083"><ele>505.13</ele></trkpt><trkpt lat="30.570958" lon="104.299163"><ele>503.32</ele></trkpt><trkpt lat="30.57107" lon="104.2992"><ele>502.18</ele></trkpt><trkpt lat="30.571175" lon="104.299222"><ele>501.51</ele></trkpt><trkpt lat="30.571281" lon="104.299257"><ele>501.22</ele></trkpt><trkpt lat="30.571354" lon="104.299358"><ele>499.5</ele></trkpt><trkpt lat="30.571409" lon="104.299458"><ele>499.52</ele></trkpt><trkpt lat="30.571474" lon="104.29951"><ele>499.77</ele></trkpt><trkpt lat="30.571554" lon="104.299564"><ele>501.1</ele></trkpt><trkpt lat="30.571628" lon="104.299636"><ele>502.0</ele></trkpt><trkpt lat="30.571679" lon="104.299735"><ele>502.49</ele></trkpt><trkpt lat="30.571744" lon="104.299863"><ele>500.99</ele></trkpt><trkpt lat="30.571807" lon="104.299972"><ele>501.72</ele></trkpt><trkpt lat="30.571846" lon="104.300082"><ele>501.94</ele></trkpt><trkpt lat="30.571828" lon="104.300195"><ele>500.07</ele></trkpt><trkpt lat="30.571802" lon="104.300308"><ele>500.11</ele></trkpt><trkpt lat="30.571814" lon="104.300426"><ele>500.84</ele></trkpt><trkpt lat="30.571901" lon="104.300494"><ele>501.36</ele></trkpt><trkpt lat="30.572008" lon="104.300534"><ele>501.92</ele></trkpt><trkpt lat="30.572122" lon="104.30057"><ele>502.22</ele></trkpt><trkpt lat="30.572216" lon="104.300627"><ele>502.37</ele></trkpt><trkpt lat="30.572292" lon="104.300702"><ele>502.02</ele></trkpt><trkpt lat="30.572353" lon="104.300786"><ele>501.65</ele></trkpt><trkpt lat="30.572401" lon="104.300891"><ele>501.79</ele></trkpt><trkpt lat="30.57244" lon="104.301008"><ele>501.61</ele></trkpt><trkpt lat="30.572462" lon="104.301125"><ele>501.24</ele></trkpt><trkpt lat="30.572504" lon="104.301235"><ele>500.52</ele></trkpt><trkpt lat="30.572562" lon="104.301333"><ele>499.62</ele></trkpt><trkpt lat="30.572638" lon="104.301423"><ele>498.56</ele></trkpt><trkpt lat="30.572719" lon="104.301524"><ele>497.45</ele></trkpt><trkpt lat="30.572789" lon="104.301613"><ele>495.95</ele></trkpt><trkpt lat="30.572879" lon="104.301677"><ele>494.81</ele></trkpt><trkpt lat="30.572953" lon="104.301753"><ele>493.46</ele></trkpt><trkpt lat="30.573006" lon="104.301839"><ele>492.54</ele></trkpt><trkpt lat="30.573052" lon="104.301928"><ele>491.94</ele></trkpt><trkpt lat="30.573094" lon="104.302021"><ele>491.53</ele></trkpt><trkpt lat="30.573143" lon="104.30212"><ele>491.36</ele></trkpt><trkpt lat="30.573225" lon="104.302159"><ele>491.06</ele></trkpt><trkpt lat="30.573319" lon="104.302125"><ele>491.19</ele></trkpt><trkpt lat="30.573435" lon="104.30206"><ele>491.89</ele></trkpt><trkpt lat="30.573545" lon="104.302079"><ele>493.2</ele></trkpt><trkpt lat="30.573649" lon="104.302122"><ele>492.61</ele></trkpt><trkpt lat="30.573737" lon="104.302193"><ele>491.7</ele></trkpt><trkpt lat="30.573825" lon="104.302264"><ele>491.43</ele></trkpt><trkpt lat="30.573902" lon="104.302352"><ele>490.66</ele></trkpt><trkpt lat="30.573967" lon="104.302448"><ele>490.11</ele></trkpt><trkpt lat="30.574023" lon="104.302545"><ele>489.84</ele></trkpt><trkpt lat="30.574075" lon="104.302634"><ele>489.6</ele></trkpt><trkpt lat="30.574141" lon="104.302706"><ele>489.33</ele></trkpt><trkpt lat="30.574204" lon="104.302789"><ele>489.88</ele></trkpt><trkpt lat="30.574225" lon="104.302904"><ele>490.71</ele></trkpt><trkpt lat="30.574237" lon="104.303021"><ele>491.36</ele></trkpt><trkpt lat="30.574298" lon="104.303116"><ele>493.66</ele></trkpt><trkpt lat="30.574362" lon="104.303212"><ele>493.89</ele></trkpt><trkpt lat="30.574444" lon="104.303275"><ele>495.03</ele></trkpt><trkpt lat="30.574549" lon="104.303275"><ele>496.0</ele></trkpt><trkpt lat="30.57465" lon="104.303225"><ele>496.84</ele></trkpt><trkpt lat="30.574753" lon="104.303167"><ele>498.9</ele></trkpt><trkpt lat="30.574846" lon="104.303123"><ele>500.76</ele></trkpt><trkpt lat="30.574938" lon="104.303083"><ele>502.27</ele></trkpt><trkpt lat="30.575034" lon="104.303047"><ele>503.77</ele></trkpt><trkpt lat="30.575131" lon="104.303038"><ele>505.55</ele></trkpt><trkpt lat="30.575223" lon="104.303064"><ele>505.62</ele></trkpt><trkpt lat="30.575313" lon="104.303079"><ele>504.67</ele></trkpt><trkpt lat="30.575397" lon="104.303152"><ele>506.02</ele></trkpt><trkpt lat="30.575465" lon="104.303236"><ele>506.05</ele></trkpt><trkpt lat="30.575532" lon="104.303332"><ele>504.18</ele></trkpt><trkpt lat="30.575592" lon="104.30343"><ele>504.82</ele></trkpt><trkpt lat="30.575668" lon="104.303513"><ele>503.59</ele></trkpt><trkpt lat="30.57575" lon="104.303577"><ele>503.26</ele></trkpt><trkpt lat="30.575838" lon="104.303607"><ele>502.91</ele></trkpt><trkpt lat="30.575938" lon="104.303612"><ele>502.73</ele></trkpt><trkpt lat="30.576041" lon="104.303602"><ele>503.17</ele></trkpt><trkpt lat="30.576142" lon="104.303583"><ele>503.5</ele></trkpt><trkpt lat="30.576233" lon="104.303552"><ele>503.72</ele></trkpt><trkpt lat="30.576323" lon="104.303499"><ele>503.61</ele></trkpt><trkpt lat="30.576411" lon="104.303432"><ele>503.46</ele></trkpt><trkpt lat="30.576502" lon="104.303366"><ele>503.27</ele></trkpt><trkpt lat="30.576575" lon="104.303306"><ele>503.04</ele></trkpt><trkpt lat="30.576671" lon="104.303259"><ele>503.2</ele></trkpt><trkpt lat="30.57677" lon="104.303224"><ele>503.06</ele></trkpt><trkpt lat="30.576864" lon="104.303174"><ele>502.63</ele></trkpt><trkpt lat="30.576957" lon="104.303127"><ele>502.65</ele></trkpt><trkpt lat="30.577042" lon="104.303084"><ele>502.9</ele></trkpt><trkpt lat="30.577131" lon="104.303039"><ele>503.13</ele></trkpt><trkpt lat="30.577158" lon="104.302945"><ele>503.74</ele></trkpt><trkpt lat="30.577228" lon="104.302897"><ele>504.48</ele></trkpt><trkpt lat="30.577314" lon="104.302852"><ele>506.98</ele></trkpt><trkpt lat="30.577395" lon="104.302798"><ele>508.03</ele></trkpt><trkpt lat="30.577486" lon="104.302761"><ele>509.54</ele></trkpt><trkpt lat="30.577588" lon="104.302718"><ele>511.69</ele></trkpt><trkpt lat="30.577679" lon="104.30267"><ele>513.14</ele></trkpt><trkpt lat="30.577771" lon="104.302642"><ele>513.94</ele></trkpt><trkpt lat="30.577857" lon="104.302689"><ele>513.93</ele></trkpt><trkpt lat="30.577898" lon="104.302789"><ele>513.43</ele></trkpt><trkpt lat="30.577969" lon="104.302872"><ele>512.79</ele></trkpt><trkpt lat="30.577998" lon="104.302894"><ele>511.16</ele></trkpt><trkpt lat="30.578017" lon="104.302972"><ele>514.33</ele></trkpt><trkpt lat="30.578068" lon="104.303059"><ele>515.44</ele></trkpt><trkpt lat="30.578147" lon="104.303133"><ele>514.39</ele></trkpt><trkpt lat="30.57824" lon="104.303168"><ele>513.79</ele></trkpt><trkpt lat="30.578344" lon="104.303202"><ele>514.72</ele></trkpt><trkpt lat="30.578439" lon="104.303263"><ele>514.41</ele></trkpt><trkpt lat="30.578515" lon="104.303344"><ele>514.7</ele></trkpt><trkpt lat="30.57857" lon="104.303439"><ele>514.86</ele></trkpt><trkpt lat="30.57862" lon="104.303529"><ele>515.27</ele></trkpt><trkpt lat="30.57867" lon="104.303638"><ele>515.86</ele></trkpt><trkpt lat="30.578723" lon="104.303738"><ele>516.24</ele></trkpt><trkpt lat="30.578783" lon="104.303829"><ele>516.54</ele></trkpt><trkpt lat="30.5788" lon="104.30393"><ele>516.98</ele></trkpt><trkpt lat="30.578847" lon="104.304019"><ele>517.07</ele></trkpt><trkpt lat="30.57892" lon="104.304088"><ele>517.44</ele></trkpt><trkpt lat="30.578976" lon="104.304184"><ele>517.82</ele></trkpt><trkpt lat="30.579046" lon="104.304277"><ele>517.92</ele></trkpt><trkpt lat="30.579133" lon="104.304339"><ele>518.02</ele></trkpt><trkpt lat="30.579217" lon="104.304416"><ele>517.86</ele></trkpt><trkpt lat="30.579292" lon="104.304489"><ele>517.79</ele></trkpt><trkpt lat="30.579368" lon="104.304553"><ele>520.62</ele></trkpt><trkpt lat="30.579438" lon="104.304629"><ele>519.72</ele></trkpt><trkpt lat="30.579518" lon="104.304702"><ele>522.19</ele></trkpt><trkpt lat="30.579591" lon="104.304781"><ele>523.78</ele></trkpt><trkpt lat="30.579667" lon="104.304884"><ele>522.42</ele></trkpt><trkpt lat="30.579725" lon="104.304977"><ele>522.7</ele></trkpt><trkpt lat="30.579771" lon="104.305078"><ele>523.35</ele></trkpt><trkpt lat="30.579811" lon="104.3052"><ele>524.02</ele></trkpt><trkpt lat="30.579836" lon="104.305313"><ele>524.9</ele></trkpt><trkpt lat="30.579873" lon="104.305417"><ele>526.89</ele></trkpt><trkpt lat="30.579905" lon="104.305528"><ele>527.45</ele></trkpt><trkpt lat="30.579916" lon="104.305641"><ele>528.12</ele></trkpt><trkpt lat="30.579911" lon="104.30575"><ele>529.37</ele></trkpt><trkpt lat="30.579897" lon="104.305856"><ele>530.9</ele></trkpt><trkpt lat="30.579886" lon="104.305973"><ele>531.57</ele></trkpt><trkpt lat="30.579896" lon="104.306095"><ele>532.32</ele></trkpt><trkpt lat="30.579907" lon="104.306209"><ele>532.84</ele></trkpt><trkpt lat="30.579911" lon="104.306327"><ele>533.46</ele></trkpt><trkpt lat="30.579956" lon="104.306425"><ele>531.68</ele></trkpt><trkpt lat="30.580038" lon="104.306474"><ele>530.21</ele></trkpt><trkpt lat="30.580114" lon="104.306504"><ele>528.78</ele></trkpt><trkpt lat="30.580069" lon="104.306376"><ele>526.54</ele></trkpt><trkpt lat="30.580163" lon="104.306376"><ele>523.95</ele></trkpt><trkpt lat="30.580101" lon="104.306339"><ele>522.82</ele></trkpt><trkpt lat="30.580115" lon="104.306417"><ele>523.11</ele></trkpt><trkpt lat="30.580051" lon="104.306446"><ele>523.2</ele></trkpt><trkpt lat="30.579959" lon="104.306428"><ele>522.94</ele></trkpt><trkpt lat="30.579888" lon="104.306307"><ele>523.87</ele></trkpt><trkpt lat="30.57994" lon="104.306209"><ele>526.69</ele></trkpt><trkpt lat="30.579915" lon="104.306286"><ele>529.52</ele></trkpt><trkpt lat="30.579974" lon="104.30636"><ele>531.64</ele></trkpt><trkpt lat="30.580056" lon="104.306412"><ele>532.81</ele></trkpt><trkpt lat="30.58014" lon="104.306486"><ele>531.79</ele></trkpt><trkpt lat="30.580211" lon="104.306588"><ele>530.4</ele></trkpt><trkpt lat="30.580265" lon="104.306701"><ele>529.97</ele></trkpt><trkpt lat="30.580344" lon="104.306746"><ele>528.88</ele></trkpt><trkpt lat="30.580433" lon="104.306779"><ele>527.11</ele></trkpt><trkpt lat="30.580523" lon="104.306805"><ele>526.01</ele></trkpt><trkpt lat="30.58061" lon="104.306857"><ele>525.1</ele></trkpt><trkpt lat="30.580691" lon="104.306916"><ele>523.39</ele></trkpt><trkpt lat="30.580776" lon="104.306969"><ele>522.18</ele></trkpt><trkpt lat="30.580856" lon="104.307043"><ele>520.46</ele></trkpt><trkpt lat="30.58093" lon="104.307118"><ele>518.8</ele></trkpt><trkpt lat="30.581025" lon="104.307152"><ele>516.93</ele></trkpt><trkpt lat="30.581132" lon="104.307159"><ele>515.95</ele></trkpt><trkpt lat="30.581236" lon="104.307183"><ele>514.31</ele></trkpt><trkpt lat="30.581342" lon="104.307229"><ele>513.91</ele></trkpt><trkpt lat="30.581442" lon="104.307225"><ele>513.33</ele></trkpt><trkpt lat="30.581534" lon="104.307197"><ele>513.12</ele></trkpt><trkpt lat="30.581633" lon="104.307137"><ele>512.48</ele></trkpt><trkpt lat="30.581736" lon="104.307098"><ele>511.61</ele></trkpt><trkpt lat="30.581826" lon="104.307055"><ele>510.1</ele></trkpt><trkpt lat="30.581916" lon="104.307003"><ele>508.15</ele></trkpt><trkpt lat="30.582007" lon="104.306949"><ele>506.37</ele></trkpt><trkpt lat="30.582114" lon="104.306946"><ele>504.53</ele></trkpt><trkpt lat="30.582221" lon="104.306937"><ele>502.94</ele></trkpt><trkpt lat="30.582267" lon="104.306927"><ele>501.62</ele></trkpt><trkpt lat="30.582339" lon="104.306938"><ele>498.15</ele></trkpt><trkpt lat="30.582442" lon="104.306941"><ele>495.95</ele></trkpt><trkpt lat="30.582544" lon="104.306961"><ele>494.93</ele></trkpt><trkpt lat="30.582615" lon="104.306977"><ele>495.98</ele></trkpt><trkpt lat="30.5827" lon="104.306994"><ele>495.66</ele></trkpt><trkpt lat="30.582796" lon="104.307013"><ele>495.32</ele></trkpt><trkpt lat="30.582899" lon="104.307052"><ele>494.13</ele></trkpt><trkpt lat="30.583002" lon="104.307101"><ele>493.78</ele></trkpt><trkpt lat="30.583108" lon="104.307108"><ele>494.05</ele></trkpt><trkpt lat="30.583183" lon="104.307034"><ele>494.35</ele></trkpt><trkpt lat="30.583222" lon="104.306908"><ele>494.91</ele></trkpt><trkpt lat="30.583275" lon="104.306815"><ele>495.81</ele></trkpt><trkpt lat="30.583358" lon="104.306738"><ele>497.65</ele></trkpt><trkpt lat="30.583441" lon="104.30666"><ele>498.31</ele></trkpt><trkpt lat="30.58354" lon="104.306619"><ele>498.79</ele></trkpt><trkpt lat="30.583658" lon="104.306637"><ele>498.72</ele></trkpt><trkpt lat="30.583756" lon="104.306678"><ele>498.24</ele></trkpt><trkpt lat="30.58385" lon="104.30673"><ele>498.18</ele></trkpt><trkpt lat="30.583948" lon="104.306765"><ele>497.95</ele></trkpt><trkpt lat="30.584044" lon="104.30681"><ele>496.87</ele></trkpt><trkpt lat="30.584141" lon="104.306853"><ele>496.42</ele></trkpt><trkpt lat="30.584222" lon="104.306911"><ele>496.88</ele></trkpt><trkpt lat="30.584301" lon="104.306986"><ele>497.5</ele></trkpt><trkpt lat="30.584383" lon="104.30705"><ele>497.27</ele></trkpt><trkpt lat="30.58447" lon="104.307119"><ele>497.23</ele></trkpt><trkpt lat="30.584579" lon="104.307168"><ele>497.11</ele></trkpt><trkpt lat="30.584661" lon="104.307197"><ele>497.23</ele></trkpt><trkpt lat="30.584746" lon="104.307229"><ele>497.53</ele></trkpt><trkpt lat="30.584851" lon="104.30727"><ele>497.34</ele></trkpt><trkpt lat="30.584954" lon="104.30731"><ele>496.74</ele></trkpt><trkpt lat="30.585048" lon="104.307341"><ele>495.41</ele></trkpt><trkpt lat="30.585147" lon="104.307383"><ele>494.67</ele></trkpt><trkpt lat="30.585248" lon="104.307434"><ele>494.04</ele></trkpt><trkpt lat="30.585291" lon="104.307528"><ele>493.81</ele></trkpt><trkpt lat="30.585354" lon="104.307599"><ele>493.95</ele></trkpt><trkpt lat="30.585451" lon="104.307634"><ele>494.01</ele></trkpt><trkpt lat="30.585515" lon="104.307659"><ele>493.91</ele></trkpt><trkpt lat="30.585594" lon="104.307622"><ele>493.74</ele></trkpt><trkpt lat="30.58568" lon="104.307632"><ele>494.11</ele></trkpt><trkpt lat="30.585776" lon="104.30766"><ele>494.4</ele></trkpt><trkpt lat="30.585865" lon="104.307692"><ele>494.32</ele></trkpt><trkpt lat="30.585957" lon="104.307755"><ele>493.98</ele></trkpt><trkpt lat="30.586048" lon="104.307833"><ele>493.36</ele></trkpt><trkpt lat="30.586138" lon="104.30783"><ele>494.55</ele></trkpt><trkpt lat="30.586204" lon="104.307744"><ele>494.77</ele></trkpt><trkpt lat="30.586248" lon="104.307636"><ele>494.07</ele></trkpt><trkpt lat="30.586291" lon="104.307542"><ele>495.21</ele></trkpt><trkpt lat="30.586372" lon="104.307511"><ele>494.94</ele></trkpt><trkpt lat="30.586464" lon="104.307554"><ele>494.69</ele></trkpt><trkpt lat="30.586563" lon="104.307609"><ele>492.77</ele></trkpt><trkpt lat="30.586661" lon="104.307679"><ele>491.8</ele></trkpt><trkpt lat="30.58675" lon="104.30776"><ele>491.58</ele></trkpt><trkpt lat="30.586817" lon="104.30785"><ele>491.45</ele></trkpt><trkpt lat="30.586804" lon="104.307959"><ele>490.72</ele></trkpt><trkpt lat="30.586794" lon="104.308007"><ele>491.94</ele></trkpt><trkpt lat="30.58678" lon="104.308093"><ele>492.52</ele></trkpt><trkpt lat="30.586797" lon="104.30819"><ele>494.06</ele></trkpt><trkpt lat="30.586787" lon="104.308297"><ele>495.72</ele></trkpt><trkpt lat="30.586767" lon="104.308404"><ele>497.98</ele></trkpt><trkpt lat="30.586757" lon="104.308523"><ele>499.32</ele></trkpt><trkpt lat="30.586807" lon="104.308638"><ele>501.28</ele></trkpt><trkpt lat="30.586846" lon="104.308756"><ele>502.71</ele></trkpt><trkpt lat="30.586896" lon="104.308853"><ele>505.42</ele></trkpt><trkpt lat="30.58698" lon="104.308897"><ele>507.61</ele></trkpt><trkpt lat="30.587081" lon="104.308903"><ele>509.29</ele></trkpt><trkpt lat="30.587174" lon="104.308926"><ele>510.54</ele></trkpt><trkpt lat="30.587258" lon="104.308972"><ele>508.95</ele></trkpt><trkpt lat="30.587301" lon="104.308997"><ele>510.4</ele></trkpt><trkpt lat="30.587389" lon="104.309033"><ele>511.24</ele></trkpt><trkpt lat="30.587485" lon="104.309066"><ele>510.0</ele></trkpt><trkpt lat="30.587576" lon="104.309048"><ele>506.92</ele></trkpt><trkpt lat="30.587667" lon="104.308998"><ele>504.18</ele></trkpt><trkpt lat="30.587761" lon="104.308988"><ele>503.13</ele></trkpt><trkpt lat="30.587864" lon="104.308981"><ele>499.61</ele></trkpt><trkpt lat="30.587975" lon="104.308998"><ele>497.96</ele></trkpt><trkpt lat="30.588073" lon="104.309024"><ele>497.35</ele></trkpt><trkpt lat="30.588164" lon="104.309034"><ele>497.47</ele></trkpt><trkpt lat="30.588259" lon="104.309061"><ele>497.64</ele></trkpt><trkpt lat="30.588357" lon="104.309072"><ele>497.78</ele></trkpt><trkpt lat="30.58845" lon="104.309042"><ele>497.41</ele></trkpt><trkpt lat="30.588529" lon="104.308985"><ele>496.6</ele></trkpt><trkpt lat="30.58861" lon="104.308925"><ele>494.15</ele></trkpt><trkpt lat="30.588638" lon="104.3089"><ele>492.3</ele></trkpt><trkpt lat="30.588707" lon="104.308865"><ele>491.25</ele></trkpt><trkpt lat="30.588781" lon="104.308809"><ele>492.0</ele></trkpt><trkpt lat="30.588874" lon="104.30879"><ele>491.39</ele></trkpt><trkpt lat="30.588988" lon="104.308806"><ele>491.55</ele></trkpt><trkpt lat="30.5891" lon="104.308797"><ele>492.05</ele></trkpt><trkpt lat="30.58919" lon="104.308758"><ele>492.14</ele></trkpt><trkpt lat="30.589279" lon="104.308725"><ele>492.04</ele></trkpt><trkpt lat="30.589381" lon="104.308688"><ele>493.58</ele></trkpt><trkpt lat="30.589387" lon="104.308593"><ele>494.19</ele></trkpt><trkpt lat="30.589318" lon="104.308503"><ele>493.86</ele></trkpt><trkpt lat="30.58928" lon="104.308395"><ele>493.73</ele></trkpt><trkpt lat="30.589337" lon="104.308358"><ele>494.45</ele></trkpt><trkpt lat="30.589435" lon="104.308388"><ele>496.52</ele></trkpt><trkpt lat="30.58955" lon="104.30845"><ele>497.43</ele></trkpt><trkpt lat="30.589664" lon="104.308476"><ele>494.81</ele></trkpt><trkpt lat="30.589762" lon="104.308501"><ele>493.65</ele></trkpt><trkpt lat="30.589846" lon="104.308459"><ele>496.0</ele></trkpt><trkpt lat="30.589945" lon="104.308431"><ele>497.45</ele></trkpt><trkpt lat="30.590053" lon="104.308426"><ele>498.16</ele></trkpt><trkpt lat="30.590149" lon="104.308457"><ele>499.08</ele></trkpt><trkpt lat="30.59022" lon="104.308479"><ele>499.12</ele></trkpt><trkpt lat="30.590306" lon="104.308482"><ele>498.44</ele></trkpt><trkpt lat="30.590415" lon="104.308475"><ele>498.25</ele></trkpt><trkpt lat="30.590521" lon="104.308457"><ele>497.69</ele></trkpt><trkpt lat="30.590599" lon="104.308385"><ele>496.67</ele></trkpt><trkpt lat="30.590592" lon="104.308284"><ele>496.09</ele></trkpt><trkpt lat="30.590633" lon="104.30819"><ele>496.63</ele></trkpt><trkpt lat="30.590669" lon="104.308084"><ele>497.19</ele></trkpt><trkpt lat="30.590719" lon="104.308004"><ele>496.89</ele></trkpt><trkpt lat="30.590795" lon="104.307921"><ele>496.01</ele></trkpt><trkpt lat="30.590871" lon="104.307839"><ele>495.3</ele></trkpt><trkpt lat="30.590928" lon="104.307751"><ele>494.39</ele></trkpt><trkpt lat="30.590954" lon="104.307818"><ele>493.92</ele></trkpt><trkpt lat="30.590965" lon="104.307935"><ele>492.89</ele></trkpt><trkpt lat="30.591027" lon="104.308026"><ele>492.57</ele></trkpt><trkpt lat="30.591124" lon="104.308097"><ele>491.9</ele></trkpt><trkpt lat="30.591224" lon="104.308146"><ele>491.66</ele></trkpt><trkpt lat="30.591331" lon="104.308198"><ele>490.94</ele></trkpt><trkpt lat="30.591438" lon="104.308265"><ele>491.01</ele></trkpt><trkpt lat="30.591534" lon="104.308313"><ele>491.15</ele></trkpt><trkpt lat="30.591585" lon="104.308406"><ele>491.39</ele></trkpt><trkpt lat="30.591608" lon="104.30851"><ele>491.77</ele></trkpt><trkpt lat="30.591626" lon="104.308624"><ele>492.72</ele></trkpt><trkpt lat="30.591639" lon="104.308737"><ele>494.05</ele></trkpt><trkpt lat="30.59165" lon="104.30886"><ele>495.69</ele></trkpt><trkpt lat="30.591681" lon="104.308985"><ele>496.74</ele></trkpt><trkpt lat="30.591731" lon="104.309084"><ele>498.03</ele></trkpt><trkpt lat="30.59177" lon="104.309191"><ele>498.97</ele></trkpt><trkpt lat="30.591809" lon="104.309303"><ele>499.59</ele></trkpt><trkpt lat="30.591842" lon="104.309417"><ele>500.19</ele></trkpt><trkpt lat="30.591861" lon="104.309538"><ele>500.65</ele></trkpt><trkpt lat="30.591892" lon="104.309659"><ele>500.53</ele></trkpt><trkpt lat="30.591923" lon="104.309773"><ele>500.01</ele></trkpt><trkpt lat="30.59196" lon="104.309871"><ele>499.74</ele></trkpt><trkpt lat="30.592014" lon="104.31"><ele>500.18</ele></trkpt><trkpt lat="30.592072" lon="104.310111"><ele>500.98</ele></trkpt><trkpt lat="30.592113" lon="104.310212"><ele>502.4</ele></trkpt><trkpt lat="30.592148" lon="104.310313"><ele>502.84</ele></trkpt><trkpt lat="30.592229" lon="104.310364"><ele>504.47</ele></trkpt><trkpt lat="30.592246" lon="104.310449"><ele>506.58</ele></trkpt><trkpt lat="30.592225" lon="104.310498"><ele>508.09</ele></trkpt><trkpt lat="30.592479" lon="104.310393"><ele>509.02</ele></trkpt><trkpt lat="30.592519" lon="104.310293"><ele>512.64</ele></trkpt><trkpt lat="30.592513" lon="104.310245"><ele>512.81</ele></trkpt><trkpt lat="30.59248" lon="104.310153"><ele>512.6</ele></trkpt><trkpt lat="30.59244" lon="104.310037"><ele>511.84</ele></trkpt><trkpt lat="30.592407" lon="104.309924"><ele>511.87</ele></trkpt><trkpt lat="30.592367" lon="104.309801"><ele>516.3</ele></trkpt><trkpt lat="30.592314" lon="104.309685"><ele>519.16</ele></trkpt><trkpt lat="30.592307" lon="104.309576"><ele>518.22</ele></trkpt><trkpt lat="30.592377" lon="104.309507"><ele>517.79</ele></trkpt><trkpt lat="30.592464" lon="104.309535"><ele>520.68</ele></trkpt><trkpt lat="30.59255" lon="104.309498"><ele>523.26</ele></trkpt><trkpt lat="30.592616" lon="104.309425"><ele>526.86</ele></trkpt><trkpt lat="30.592672" lon="104.309328"><ele>531.2</ele></trkpt><trkpt lat="30.592702" lon="104.309216"><ele>535.68</ele></trkpt><trkpt lat="30.592666" lon="104.309106"><ele>536.14</ele></trkpt><trkpt lat="30.592704" lon="104.309018"><ele>536.27</ele></trkpt><trkpt lat="30.592765" lon="104.308939"><ele>540.62</ele></trkpt><trkpt lat="30.592868" lon="104.308977"><ele>543.62</ele></trkpt><trkpt lat="30.592976" lon="104.309023"><ele>545.81</ele></trkpt><trkpt lat="30.593067" lon="104.309079"><ele>548.0</ele></trkpt><trkpt lat="30.593167" lon="104.309108"><ele>549.54</ele></trkpt><trkpt lat="30.593265" lon="104.309128"><ele>551.32</ele></trkpt><trkpt lat="30.593357" lon="104.309146"><ele>552.83</ele></trkpt><trkpt lat="30.593447" lon="104.309167"><ele>553.94</ele></trkpt><trkpt lat="30.593531" lon="104.309216"><ele>554.8</ele></trkpt><trkpt lat="30.593612" lon="104.309274"><ele>556.14</ele></trkpt><trkpt lat="30.593699" lon="104.309328"><ele>558.38</ele></trkpt><trkpt lat="30.59379" lon="104.309356"><ele>561.45</ele></trkpt><trkpt lat="30.593873" lon="104.309404"><ele>564.97</ele></trkpt><trkpt lat="30.593919" lon="104.309494"><ele>567.55</ele></trkpt><trkpt lat="30.593913" lon="104.309604"><ele>569.66</ele></trkpt><trkpt lat="30.593891" lon="104.30972"><ele>570.79</ele></trkpt><trkpt lat="30.59386" lon="104.30983"><ele>571.78</ele></trkpt><trkpt lat="30.593862" lon="104.309952"><ele>572.84</ele></trkpt><trkpt lat="30.593875" lon="104.310065"><ele>574.57</ele></trkpt><trkpt lat="30.593889" lon="104.310189"><ele>575.9</ele></trkpt><trkpt lat="30.593891" lon="104.310306"><ele>577.07</ele></trkpt><trkpt lat="30.593911" lon="104.310412"><ele>578.18</ele></trkpt><trkpt lat="30.593955" lon="104.310507"><ele>580.5</ele></trkpt><trkpt lat="30.594002" lon="104.310601"><ele>581.57</ele></trkpt><trkpt lat="30.594062" lon="104.310685"><ele>581.86</ele></trkpt><trkpt lat="30.594151" lon="104.310737"><ele>581.58</ele></trkpt><trkpt lat="30.594251" lon="104.310779"><ele>580.62</ele></trkpt><trkpt lat="30.594357" lon="104.310804"><ele>576.78</ele></trkpt><trkpt lat="30.594444" lon="104.31086"><ele>577.13</ele></trkpt><trkpt lat="30.594537" lon="104.310908"><ele>576.43</ele></trkpt><trkpt lat="30.594634" lon="104.310926"><ele>575.6</ele></trkpt><trkpt lat="30.594725" lon="104.310952"><ele>574.22</ele></trkpt><trkpt lat="30.594807" lon="104.310997"><ele>571.97</ele></trkpt><trkpt lat="30.594918" lon="104.311009"><ele>570.74</ele></trkpt><trkpt lat="30.595012" lon="104.311041"><ele>571.26</ele></trkpt><trkpt lat="30.595088" lon="104.311116"><ele>574.97</ele></trkpt><trkpt lat="30.595162" lon="104.311181"><ele>576.5</ele></trkpt><trkpt lat="30.595262" lon="104.311228"><ele>576.31</ele></trkpt><trkpt lat="30.595358" lon="104.311243"><ele>576.89</ele></trkpt><trkpt lat="30.595451" lon="104.311251"><ele>577.31</ele></trkpt><trkpt lat="30.595542" lon="104.311266"><ele>579.16</ele></trkpt><trkpt lat="30.595607" lon="104.31133"><ele>581.94</ele></trkpt><trkpt lat="30.595635" lon="104.311429"><ele>583.07</ele></trkpt><trkpt lat="30.595674" lon="104.311526"><ele>584.29</ele></trkpt><trkpt lat="30.595733" lon="104.311614"><ele>585.1</ele></trkpt><trkpt lat="30.595766" lon="104.311714"><ele>585.86</ele></trkpt><trkpt lat="30.595797" lon="104.311815"><ele>587.57</ele></trkpt><trkpt lat="30.595823" lon="104.311926"><ele>587.54</ele></trkpt><trkpt lat="30.595821" lon="104.312045"><ele>586.63</ele></trkpt><trkpt lat="30.595794" lon="104.312159"><ele>589.0</ele></trkpt><trkpt lat="30.595806" lon="104.312268"><ele>589.6</ele></trkpt><trkpt lat="30.595814" lon="104.312386"><ele>589.95</ele></trkpt><trkpt lat="30.59584" lon="104.312468"><ele>588.51</ele></trkpt><trkpt lat="30.595869" lon="104.312572"><ele>589.08</ele></trkpt><trkpt lat="30.595947" lon="104.312629"><ele>590.01</ele></trkpt><trkpt lat="30.596038" lon="104.312704"><ele>591.07</ele></trkpt><trkpt lat="30.596112" lon="104.312782"><ele>591.79</ele></trkpt><trkpt lat="30.596195" lon="104.312845"><ele>591.95</ele></trkpt><trkpt lat="30.596269" lon="104.312923"><ele>590.15</ele></trkpt><trkpt lat="30.596355" lon="104.313001"><ele>587.59</ele></trkpt><trkpt lat="30.596448" lon="104.313066"><ele>586.13</ele></trkpt><trkpt lat="30.596532" lon="104.313128"><ele>585.18</ele></trkpt><trkpt lat="30.596621" lon="104.313165"><ele>584.92</ele></trkpt><trkpt lat="30.596699" lon="104.313216"><ele>584.57</ele></trkpt><trkpt lat="30.596747" lon="104.3133"><ele>585.28</ele></trkpt><trkpt lat="30.596775" lon="104.313401"><ele>585.57</ele></trkpt><trkpt lat="30.596811" lon="104.313508"><ele>584.71</ele></trkpt><trkpt lat="30.596821" lon="104.313627"><ele>583.01</ele></trkpt><trkpt lat="30.596855" lon="104.313742"><ele>581.84</ele></trkpt><trkpt lat="30.596886" lon="104.31385"><ele>581.51</ele></trkpt><trkpt lat="30.596944" lon="104.313942"><ele>581.55</ele></trkpt><trkpt lat="30.596971" lon="104.314047"><ele>582.31</ele></trkpt><trkpt lat="30.597006" lon="104.31415"><ele>582.66</ele></trkpt><trkpt lat="30.597068" lon="104.314238"><ele>581.28</ele></trkpt><trkpt lat="30.597154" lon="104.314235"><ele>580.38</ele></trkpt><trkpt lat="30.597258" lon="104.314227"><ele>580.28</ele></trkpt><trkpt lat="30.597356" lon="104.314256"><ele>582.91</ele></trkpt><trkpt lat="30.597455" lon="104.314245"><ele>584.39</ele></trkpt><trkpt lat="30.597556" lon="104.314215"><ele>584.5</ele></trkpt><trkpt lat="30.597645" lon="104.314153"><ele>583.65</ele></trkpt><trkpt lat="30.597696" lon="104.314054"><ele>582.88</ele></trkpt><trkpt lat="30.597757" lon="104.31396"><ele>581.42</ele></trkpt><trkpt lat="30.597811" lon="104.314003"><ele>579.87</ele></trkpt><trkpt lat="30.597873" lon="104.314096"><ele>579.06</ele></trkpt><trkpt lat="30.597889" lon="104.314215"><ele>578.13</ele></trkpt><trkpt lat="30.597904" lon="104.314333"><ele>576.17</ele></trkpt><trkpt lat="30.597965" lon="104.314419"><ele>575.93</ele></trkpt><trkpt lat="30.598023" lon="104.314462"><ele>573.72</ele></trkpt><trkpt lat="30.598093" lon="104.314515"><ele>572.26</ele></trkpt><trkpt lat="30.59818" lon="104.314587"><ele>570.7</ele></trkpt><trkpt lat="30.598258" lon="104.314665"><ele>568.39</ele></trkpt><trkpt lat="30.598322" lon="104.314774"><ele>565.27</ele></trkpt><trkpt lat="30.598395" lon="104.314854"><ele>562.32</ele></trkpt><trkpt lat="30.598473" lon="104.314933"><ele>561.07</ele></trkpt><trkpt lat="30.598562" lon="104.314966"><ele>558.59</ele></trkpt><trkpt lat="30.598663" lon="104.314964"><ele>556.0</ele></trkpt><trkpt lat="30.598739" lon="104.315037"><ele>552.49</ele></trkpt><trkpt lat="30.598808" lon="104.315117"><ele>550.7</ele></trkpt><trkpt lat="30.598894" lon="104.315173"><ele>548.31</ele></trkpt><trkpt lat="30.598982" lon="104.315216"><ele>544.7</ele></trkpt><trkpt lat="30.599027" lon="104.315213"><ele>541.58</ele></trkpt><trkpt lat="30.599095" lon="104.315169"><ele>539.07</ele></trkpt><trkpt lat="30.599169" lon="104.315108"><ele>535.74</ele></trkpt><trkpt lat="30.5992" lon="104.315005"><ele>532.94</ele></trkpt><trkpt lat="30.599271" lon="104.314964"><ele>530.38</ele></trkpt><trkpt lat="30.59936" lon="104.314981"><ele>528.19</ele></trkpt><trkpt lat="30.599432" lon="104.31508"><ele>526.39</ele></trkpt><trkpt lat="30.59947" lon="104.315196"><ele>524.76</ele></trkpt><trkpt lat="30.599535" lon="104.315282"><ele>520.72</ele></trkpt><trkpt lat="30.599588" lon="104.31539"><ele>517.87</ele></trkpt><trkpt lat="30.599596" lon="104.315508"><ele>515.75</ele></trkpt><trkpt lat="30.599614" lon="104.315625"><ele>513.81</ele></trkpt><trkpt lat="30.599664" lon="104.315714"><ele>511.6</ele></trkpt><trkpt lat="30.599744" lon="104.315788"><ele>508.36</ele></trkpt><trkpt lat="30.599826" lon="104.315848"><ele>506.04</ele></trkpt><trkpt lat="30.599913" lon="104.315906"><ele>505.15</ele></trkpt><trkpt lat="30.599996" lon="104.31597"><ele>504.2</ele></trkpt><trkpt lat="30.60007" lon="104.316046"><ele>503.83</ele></trkpt><trkpt lat="30.600159" lon="104.316119"><ele>503.75</ele></trkpt><trkpt lat="30.60024" lon="104.316202"><ele>503.72</ele></trkpt><trkpt lat="30.600322" lon="104.316277"><ele>503.95</ele></trkpt><trkpt lat="30.600397" lon="104.316361"><ele>504.28</ele></trkpt><trkpt lat="30.600469" lon="104.316437"><ele>504.7</ele></trkpt><trkpt lat="30.600542" lon="104.316505"><ele>505.2</ele></trkpt><trkpt lat="30.600608" lon="104.316579"><ele>505.75</ele></trkpt><trkpt lat="30.60068" lon="104.316662"><ele>506.25</ele></trkpt><trkpt lat="30.600751" lon="104.316756"><ele>506.53</ele></trkpt><trkpt lat="30.600808" lon="104.316846"><ele>507.14</ele></trkpt><trkpt lat="30.600831" lon="104.316965"><ele>507.57</ele></trkpt><trkpt lat="30.600838" lon="104.317078"><ele>507.8</ele></trkpt><trkpt lat="30.600878" lon="104.31717"><ele>507.91</ele></trkpt><trkpt lat="30.600971" lon="104.317212"><ele>509.83</ele></trkpt><trkpt lat="30.601065" lon="104.317216"><ele>513.21</ele></trkpt><trkpt lat="30.601156" lon="104.317227"><ele>516.2</ele></trkpt><trkpt lat="30.601217" lon="104.317151"><ele>518.79</ele></trkpt><trkpt lat="30.601237" lon="104.317045"><ele>519.89</ele></trkpt><trkpt lat="30.601214" lon="104.31693"><ele>520.52</ele></trkpt><trkpt lat="30.601157" lon="104.316817"><ele>521.03</ele></trkpt><trkpt lat="30.601098" lon="104.31672"><ele>521.56</ele></trkpt><trkpt lat="30.60104" lon="104.316609"><ele>521.94</ele></trkpt><trkpt lat="30.60101" lon="104.316499"><ele>522.01</ele></trkpt><trkpt lat="30.600984" lon="104.316389"><ele>522.51</ele></trkpt><trkpt lat="30.600977" lon="104.31628"><ele>523.04</ele></trkpt><trkpt lat="30.600994" lon="104.316156"><ele>523.57</ele></trkpt><trkpt lat="30.601042" lon="104.316055"><ele>524.07</ele></trkpt><trkpt lat="30.601127" lon="104.315984"><ele>524.18</ele></trkpt><trkpt lat="30.601232" lon="104.315939"><ele>523.87</ele></trkpt><trkpt lat="30.601335" lon="104.315913"><ele>523.73</ele></trkpt><trkpt lat="30.601433" lon="104.315915"><ele>523.08</ele></trkpt><trkpt lat="30.601534" lon="104.315905"><ele>522.24</ele></trkpt><trkpt lat="30.601631" lon="104.31589"><ele>521.46</ele></trkpt><trkpt lat="30.601721" lon="104.315915"><ele>523.08</ele></trkpt><trkpt lat="30.6018" lon="104.315968"><ele>525.27</ele></trkpt><trkpt lat="30.601822" lon="104.316076"><ele>528.8</ele></trkpt><trkpt lat="30.601872" lon="104.316184"><ele>531.82</ele></trkpt><trkpt lat="30.601935" lon="104.316281"><ele>535.19</ele></trkpt><trkpt lat="30.601997" lon="104.316365"><ele>538.62</ele></trkpt><trkpt lat="30.602057" lon="104.316449"><ele>544.45</ele></trkpt><trkpt lat="30.602121" lon="104.316529"><ele>548.36</ele></trkpt><trkpt lat="30.602209" lon="104.316562"><ele>551.45</ele></trkpt><trkpt lat="30.602277" lon="104.316636"><ele>558.39</ele></trkpt><trkpt lat="30.602365" lon="104.316663"><ele>563.92</ele></trkpt><trkpt lat="30.602457" lon="104.316697"><ele>569.8</ele></trkpt><trkpt lat="30.602551" lon="104.316727"><ele>571.37</ele></trkpt><trkpt lat="30.60261" lon="104.316802"><ele>573.52</ele></trkpt><trkpt lat="30.602581" lon="104.316895"><ele>579.93</ele></trkpt><trkpt lat="30.602545" lon="104.316999"><ele>584.93</ele></trkpt><trkpt lat="30.602521" lon="104.317119"><ele>588.91</ele></trkpt><trkpt lat="30.602483" lon="104.317228"><ele>592.19</ele></trkpt><trkpt lat="30.602424" lon="104.317315"><ele>595.17</ele></trkpt><trkpt lat="30.60241" lon="104.317425"><ele>598.51</ele></trkpt><trkpt lat="30.602414" lon="104.317536"><ele>601.45</ele></trkpt><trkpt lat="30.602443" lon="104.317638"><ele>599.37</ele></trkpt><trkpt lat="30.602491" lon="104.317743"><ele>598.55</ele></trkpt><trkpt lat="30.602511" lon="104.31785"><ele>598.62</ele></trkpt><trkpt lat="30.602558" lon="104.317945"><ele>598.5</ele></trkpt><trkpt lat="30.602614" lon="104.318034"><ele>599.85</ele></trkpt><trkpt lat="30.602687" lon="104.3181"><ele>601.2</ele></trkpt><trkpt lat="30.602761" lon="104.318166"><ele>602.82</ele></trkpt><trkpt lat="30.602817" lon="104.318251"><ele>604.81</ele></trkpt><trkpt lat="30.602877" lon="104.318341"><ele>607.66</ele></trkpt><trkpt lat="30.602941" lon="104.318426"><ele>610.95</ele></trkpt><trkpt lat="30.603012" lon="104.318496"><ele>613.82</ele></trkpt><trkpt lat="30.603051" lon="104.318593"><ele>616.86</ele></trkpt><trkpt lat="30.603079" lon="104.318695"><ele>619.8</ele></trkpt><trkpt lat="30.603113" lon="104.318804"><ele>622.54</ele></trkpt><trkpt lat="30.603143" lon="104.318912"><ele>625.2</ele></trkpt><trkpt lat="30.6031" lon="104.319002"><ele>627.2</ele></trkpt><trkpt lat="30.603023" lon="104.319076"><ele>627.71</ele></trkpt><trkpt lat="30.602941" lon="104.319156"><ele>627.0</ele></trkpt><trkpt lat="30.60295" lon="104.319246"><ele>625.59</ele></trkpt><trkpt lat="30.603002" lon="104.319331"><ele>623.64</ele></trkpt><trkpt lat="30.603054" lon="104.31943"><ele>619.98</ele></trkpt><trkpt lat="30.603103" lon="104.319526"><ele>614.78</ele></trkpt><trkpt lat="30.603178" lon="104.319591"><ele>608.37</ele></trkpt><trkpt lat="30.603262" lon="104.319635"><ele>601.15</ele></trkpt><trkpt lat="30.603353" lon="104.319673"><ele>595.43</ele></trkpt><trkpt lat="30.603449" lon="104.319698"><ele>590.33</ele></trkpt><trkpt lat="30.603446" lon="104.319783"><ele>585.85</ele></trkpt><trkpt lat="30.603371" lon="104.319868"><ele>581.4</ele></trkpt><trkpt lat="30.603298" lon="104.319965"><ele>577.07</ele></trkpt><trkpt lat="30.603231" lon="104.320059"><ele>573.87</ele></trkpt><trkpt lat="30.603161" lon="104.320151"><ele>571.04</ele></trkpt><trkpt lat="30.603081" lon="104.320211"><ele>568.19</ele></trkpt><trkpt lat="30.602992" lon="104.320267"><ele>566.19</ele></trkpt><trkpt lat="30.602945" lon="104.320366"><ele>563.96</ele></trkpt><trkpt lat="30.602945" lon="104.320481"><ele>561.99</ele></trkpt><trkpt lat="30.602989" lon="104.320592"><ele>559.76</ele></trkpt><trkpt lat="30.603044" lon="104.320696"><ele>555.97</ele></trkpt><trkpt lat="30.603112" lon="104.320784"><ele>552.8</ele></trkpt><trkpt lat="30.603144" lon="104.32089"><ele>547.99</ele></trkpt><trkpt lat="30.603169" lon="104.32101"><ele>544.02</ele></trkpt><trkpt lat="30.603162" lon="104.321122"><ele>541.84</ele></trkpt><trkpt lat="30.603143" lon="104.321247"><ele>540.72</ele></trkpt><trkpt lat="30.603138" lon="104.321363"><ele>539.43</ele></trkpt><trkpt lat="30.603151" lon="104.321475"><ele>538.85</ele></trkpt><trkpt lat="30.60318" lon="104.321583"><ele>538.23</ele></trkpt><trkpt lat="30.603214" lon="104.321687"><ele>537.3</ele></trkpt><trkpt lat="30.603238" lon="104.321792"><ele>536.76</ele></trkpt><trkpt lat="30.603249" lon="104.321904"><ele>535.64</ele></trkpt><trkpt lat="30.603237" lon="104.322025"><ele>534.19</ele></trkpt><trkpt lat="30.6032" lon="104.322135"><ele>533.06</ele></trkpt><trkpt lat="30.60314" lon="104.322244"><ele>532.36</ele></trkpt><trkpt lat="30.603084" lon="104.322349"><ele>531.87</ele></trkpt><trkpt lat="30.603072" lon="104.322458"><ele>531.27</ele></trkpt><trkpt lat="30.603092" lon="104.322579"><ele>530.54</ele></trkpt><trkpt lat="30.60312" lon="104.322706"><ele>529.83</ele></trkpt><trkpt lat="30.603177" lon="104.322817"><ele>529.1</ele></trkpt><trkpt lat="30.603253" lon="104.322892"><ele>528.24</ele></trkpt><trkpt lat="30.603333" lon="104.322951"><ele>527.88</ele></trkpt><trkpt lat="30.603428" lon="104.32301"><ele>527.45</ele></trkpt><trkpt lat="30.603515" lon="104.323062"><ele>526.99</ele></trkpt><trkpt lat="30.603594" lon="104.323132"><ele>526.59</ele></trkpt><trkpt lat="30.603654" lon="104.323218"><ele>526.2</ele></trkpt><trkpt lat="30.603709" lon="104.323323"><ele>525.34</ele></trkpt><trkpt lat="30.60377" lon="104.323415"><ele>524.33</ele></trkpt><trkpt lat="30.603855" lon="104.323428"><ele>523.0</ele></trkpt><trkpt lat="30.603937" lon="104.323391"><ele>521.94</ele></trkpt><trkpt lat="30.604022" lon="104.323317"><ele>520.65</ele></trkpt><trkpt lat="30.60411" lon="104.323265"><ele>519.4</ele></trkpt><trkpt lat="30.604213" lon="104.323241"><ele>519.8</ele></trkpt><trkpt lat="30.604321" lon="104.323208"><ele>517.72</ele></trkpt><trkpt lat="30.604421" lon="104.323174"><ele>516.07</ele></trkpt><trkpt lat="30.604513" lon="104.323132"><ele>514.57</ele></trkpt><trkpt lat="30.604603" lon="104.323062"><ele>513.4</ele></trkpt><trkpt lat="30.604692" lon="104.322983"><ele>512.62</ele></trkpt><trkpt lat="30.604774" lon="104.322925"><ele>512.07</ele></trkpt><trkpt lat="30.604831" lon="104.322843"><ele>511.63</ele></trkpt><trkpt lat="30.60487" lon="104.322737"><ele>511.25</ele></trkpt><trkpt lat="30.604906" lon="104.322614"><ele>510.82</ele></trkpt><trkpt lat="30.604935" lon="104.3225"><ele>511.37</ele></trkpt><trkpt lat="30.605007" lon="104.322411"><ele>511.53</ele></trkpt><trkpt lat="30.605099" lon="104.322383"><ele>510.65</ele></trkpt><trkpt lat="30.605202" lon="104.322396"><ele>509.22</ele></trkpt><trkpt lat="30.6053" lon="104.322441"><ele>507.78</ele></trkpt><trkpt lat="30.605407" lon="104.32246"><ele>505.87</ele></trkpt><trkpt lat="30.60552" lon="104.322473"><ele>504.28</ele></trkpt><trkpt lat="30.605625" lon="104.322467"><ele>502.99</ele></trkpt><trkpt lat="30.605725" lon="104.322415"><ele>502.17</ele></trkpt><trkpt lat="30.605807" lon="104.322328"><ele>501.17</ele></trkpt><trkpt lat="30.605881" lon="104.322244"><ele>500.11</ele></trkpt><trkpt lat="30.605968" lon="104.322191"><ele>499.27</ele></trkpt><trkpt lat="30.60605" lon="104.322136"><ele>498.36</ele></trkpt><trkpt lat="30.606139" lon="104.322085"><ele>497.41</ele></trkpt><trkpt lat="30.606235" lon="104.322034"><ele>496.25</ele></trkpt><trkpt lat="30.606328" lon="104.321983"><ele>495.39</ele></trkpt><trkpt lat="30.606419" lon="104.321933"><ele>494.75</ele></trkpt><trkpt lat="30.606514" lon="104.321889"><ele>494.08</ele></trkpt><trkpt lat="30.606601" lon="104.321852"><ele>493.37</ele></trkpt><trkpt lat="30.606684" lon="104.321797"><ele>492.96</ele></trkpt><trkpt lat="30.606763" lon="104.32173"><ele>492.61</ele></trkpt><trkpt lat="30.606834" lon="104.321659"><ele>492.49</ele></trkpt><trkpt lat="30.60692" lon="104.321583"><ele>492.71</ele></trkpt><trkpt lat="30.607004" lon="104.321493"><ele>493.03</ele></trkpt><trkpt lat="30.607055" lon="104.32147"><ele>493.46</ele></trkpt><trkpt lat="30.607077" lon="104.321549"><ele>494.85</ele></trkpt><trkpt lat="30.607147" lon="104.321629"><ele>494.91</ele></trkpt><trkpt lat="30.607238" lon="104.321678"><ele>494.34</ele></trkpt><trkpt lat="30.607328" lon="104.321742"><ele>494.54</ele></trkpt><trkpt lat="30.607422" lon="104.321782"><ele>494.42</ele></trkpt><trkpt lat="30.607518" lon="104.321768"><ele>494.07</ele></trkpt><trkpt lat="30.607582" lon="104.321691"><ele>494.01</ele></trkpt><trkpt lat="30.60765" lon="104.321601"><ele>494.23</ele></trkpt><trkpt lat="30.607732" lon="104.321549"><ele>494.84</ele></trkpt><trkpt lat="30.607826" lon="104.32154"><ele>496.11</ele></trkpt><trkpt lat="30.607925" lon="104.321551"><ele>496.36</ele></trkpt><trkpt lat="30.608013" lon="104.321613"><ele>496.9</ele></trkpt><trkpt lat="30.608109" lon="104.321681"><ele>498.74</ele></trkpt><trkpt lat="30.608198" lon="104.321731"><ele>501.01</ele></trkpt><trkpt lat="30.608182" lon="104.321813"><ele>503.38</ele></trkpt><trkpt lat="30.608092" lon="104.321859"><ele>505.57</ele></trkpt><trkpt lat="30.60809" lon="104.321947"><ele>506.69</ele></trkpt><trkpt lat="30.608155" lon="104.322007"><ele>508.4</ele></trkpt><trkpt lat="30.608236" lon="104.322077"><ele>510.36</ele></trkpt><trkpt lat="30.608312" lon="104.322157"><ele>513.81</ele></trkpt><trkpt lat="30.6084" lon="104.322215"><ele>518.15</ele></trkpt><trkpt lat="30.608484" lon="104.322274"><ele>521.66</ele></trkpt><trkpt lat="30.608551" lon="104.322349"><ele>525.24</ele></trkpt><trkpt lat="30.608613" lon="104.322433"><ele>529.68</ele></trkpt><trkpt lat="30.608693" lon="104.322474"><ele>532.61</ele></trkpt><trkpt lat="30.608763" lon="104.322535"><ele>536.16</ele></trkpt><trkpt lat="30.608833" lon="104.322602"><ele>539.98</ele></trkpt><trkpt lat="30.60891" lon="104.32267"><ele>543.57</ele></trkpt><trkpt lat="30.608984" lon="104.322736"><ele>546.78</ele></trkpt><trkpt lat="30.609042" lon="104.322817"><ele>550.12</ele></trkpt><trkpt lat="30.609102" lon="104.322902"><ele>553.17</ele></trkpt><trkpt lat="30.609185" lon="104.322955"><ele>557.24</ele></trkpt><trkpt lat="30.609289" lon="104.322922"><ele>561.75</ele></trkpt><trkpt lat="30.609391" lon="104.32295"><ele>565.33</ele></trkpt><trkpt lat="30.609469" lon="104.323013"><ele>571.42</ele></trkpt><trkpt lat="30.609535" lon="104.323089"><ele>576.5</ele></trkpt><trkpt lat="30.609599" lon="104.323172"><ele>583.75</ele></trkpt><trkpt lat="30.609662" lon="104.323255"><ele>590.4</ele></trkpt><trkpt lat="30.609729" lon="104.323333"><ele>595.39</ele></trkpt><trkpt lat="30.609799" lon="104.323408"><ele>599.15</ele></trkpt><trkpt lat="30.609873" lon="104.323473"><ele>602.98</ele></trkpt><trkpt lat="30.609943" lon="104.323549"><ele>605.33</ele></trkpt><trkpt lat="30.610016" lon="104.323629"><ele>609.05</ele></trkpt><trkpt lat="30.610095" lon="104.32369"><ele>613.34</ele></trkpt><trkpt lat="30.610161" lon="104.323764"><ele>616.4</ele></trkpt><trkpt lat="30.610226" lon="104.323841"><ele>619.48</ele></trkpt><trkpt lat="30.610291" lon="104.323921"><ele>622.99</ele></trkpt><trkpt lat="30.610351" lon="104.324004"><ele>626.19</ele></trkpt><trkpt lat="30.61042" lon="104.324078"><ele>629.43</ele></trkpt><trkpt lat="30.610501" lon="104.32416"><ele>633.01</ele></trkpt><trkpt lat="30.610572" lon="104.324257"><ele>635.95</ele></trkpt><trkpt lat="30.610614" lon="104.324363"><ele>638.66</ele></trkpt><trkpt lat="30.610672" lon="104.324453"><ele>641.53</ele></trkpt><trkpt lat="30.610736" lon="104.324536"><ele>644.88</ele></trkpt><trkpt lat="30.610815" lon="104.324514"><ele>649.37</ele></trkpt><trkpt lat="30.610905" lon="104.324502"><ele>656.74</ele></trkpt><trkpt lat="30.611009" lon="104.32449"><ele>662.42</ele></trkpt><trkpt lat="30.61111" lon="104.324453"><ele>666.63</ele></trkpt><trkpt lat="30.611183" lon="104.324503"><ele>668.04</ele></trkpt><trkpt lat="30.611229" lon="104.3246"><ele>668.43</ele></trkpt><trkpt lat="30.61129" lon="104.324692"><ele>667.98</ele></trkpt><trkpt lat="30.611342" lon="104.324788"><ele>665.21</ele></trkpt><trkpt lat="30.611392" lon="104.32489"><ele>663.41</ele></trkpt><trkpt lat="30.611428" lon="104.325003"><ele>664.37</ele></trkpt><trkpt lat="30.611483" lon="104.325125"><ele>661.82</ele></trkpt><trkpt lat="30.611537" lon="104.325234"><ele>661.02</ele></trkpt><trkpt lat="30.611599" lon="104.325331"><ele>661.08</ele></trkpt><trkpt lat="30.611659" lon="104.325414"><ele>661.56</ele></trkpt><trkpt lat="30.611739" lon="104.325465"><ele>661.9</ele></trkpt><trkpt lat="30.611836" lon="104.325499"><ele>661.85</ele></trkpt><trkpt lat="30.611933" lon="104.32551"><ele>661.38</ele></trkpt><trkpt lat="30.612033" lon="104.325536"><ele>660.82</ele></trkpt><trkpt lat="30.612128" lon="104.32555"><ele>659.98</ele></trkpt><trkpt lat="30.612227" lon="104.325573"><ele>660.46</ele></trkpt><trkpt lat="30.612341" lon="104.325586"><ele>659.96</ele></trkpt><trkpt lat="30.612453" lon="104.325602"><ele>657.68</ele></trkpt><trkpt lat="30.612548" lon="104.325619"><ele>656.84</ele></trkpt><trkpt lat="30.612653" lon="104.325652"><ele>656.04</ele></trkpt><trkpt lat="30.612753" lon="104.325671"><ele>656.49</ele></trkpt><trkpt lat="30.612844" lon="104.325693"><ele>658.56</ele></trkpt><trkpt lat="30.612936" lon="104.325717"><ele>660.06</ele></trkpt><trkpt lat="30.613028" lon="104.325781"><ele>662.33</ele></trkpt><trkpt lat="30.613113" lon="104.325853"><ele>664.3</ele></trkpt><trkpt lat="30.613209" lon="104.325913"><ele>666.07</ele></trkpt><trkpt lat="30.613284" lon="104.325987"><ele>668.51</ele></trkpt><trkpt lat="30.613358" lon="104.326063"><ele>671.18</ele></trkpt><trkpt lat="30.613423" lon="104.326148"><ele>673.83</ele></trkpt><trkpt lat="30.613452" lon="104.32625"><ele>674.86</ele></trkpt><trkpt lat="30.613489" lon="104.32635"><ele>675.38</ele></trkpt><trkpt lat="30.613559" lon="104.326437"><ele>674.3</ele></trkpt><trkpt lat="30.613635" lon="104.32652"><ele>672.64</ele></trkpt><trkpt lat="30.613697" lon="104.326614"><ele>669.58</ele></trkpt><trkpt lat="30.61376" lon="104.326697"><ele>666.77</ele></trkpt><trkpt lat="30.613804" lon="104.326806"><ele>666.1</ele></trkpt><trkpt lat="30.613815" lon="104.326916"><ele>667.44</ele></trkpt><trkpt lat="30.61383" lon="104.327021"><ele>664.78</ele></trkpt><trkpt lat="30.613861" lon="104.327124"><ele>662.19</ele></trkpt><trkpt lat="30.613921" lon="104.327206"><ele>661.68</ele></trkpt><trkpt lat="30.61399" lon="104.327286"><ele>661.29</ele></trkpt><trkpt lat="30.614066" lon="104.327365"><ele>660.52</ele></trkpt><trkpt lat="30.614152" lon="104.327438"><ele>662.7</ele></trkpt><trkpt lat="30.614211" lon="104.327492"><ele>663.82</ele></trkpt><trkpt lat="30.614272" lon="104.327571"><ele>664.81</ele></trkpt><trkpt lat="30.614346" lon="104.327665"><ele>666.46</ele></trkpt><trkpt lat="30.614425" lon="104.327754"><ele>668.32</ele></trkpt><trkpt lat="30.614507" lon="104.327824"><ele>671.25</ele></trkpt><trkpt lat="30.614608" lon="104.327857"><ele>673.59</ele></trkpt><trkpt lat="30.6147" lon="104.327889"><ele>675.72</ele></trkpt><trkpt lat="30.614805" lon="104.327926"><ele>675.0</ele></trkpt><trkpt lat="30.614903" lon="104.327987"><ele>675.06</ele></trkpt><trkpt lat="30.615" lon="104.328033"><ele>674.09</ele></trkpt><trkpt lat="30.615098" lon="104.328074"><ele>673.31</ele></trkpt><trkpt lat="30.615198" lon="104.328114"><ele>673.33</ele></trkpt><trkpt lat="30.615298" lon="104.328122"><ele>673.24</ele></trkpt><trkpt lat="30.615393" lon="104.328122"><ele>675.31</ele></trkpt><trkpt lat="30.615497" lon="104.328132"><ele>677.68</ele></trkpt><trkpt lat="30.615595" lon="104.32817"><ele>679.35</ele></trkpt><trkpt lat="30.615686" lon="104.328217"><ele>681.73</ele></trkpt><trkpt lat="30.615791" lon="104.328244"><ele>684.03</ele></trkpt><trkpt lat="30.615884" lon="104.328328"><ele>687.51</ele></trkpt><trkpt lat="30.615961" lon="104.328391"><ele>689.85</ele></trkpt><trkpt lat="30.616044" lon="104.328433"><ele>692.2</ele></trkpt><trkpt lat="30.616143" lon="104.328449"><ele>694.84</ele></trkpt><trkpt lat="30.616238" lon="104.328424"><ele>698.32</ele></trkpt><trkpt lat="30.616331" lon="104.32846"><ele>702.26</ele></trkpt><trkpt lat="30.616432" lon="104.328499"><ele>704.15</ele></trkpt><trkpt lat="30.616528" lon="104.328525"><ele>704.97</ele></trkpt><trkpt lat="30.616621" lon="104.328529"><ele>704.67</ele></trkpt><trkpt lat="30.616718" lon="104.328552"><ele>703.12</ele></trkpt><trkpt lat="30.616818" lon="104.328577"><ele>699.5</ele></trkpt><trkpt lat="30.616922" lon="104.328598"><ele>695.74</ele></trkpt><trkpt lat="30.61702" lon="104.328609"><ele>692.08</ele></trkpt><trkpt lat="30.617124" lon="104.328614"><ele>688.56</ele></trkpt><trkpt lat="30.617218" lon="104.328625"><ele>684.76</ele></trkpt><trkpt lat="30.61732" lon="104.32866"><ele>681.23</ele></trkpt><trkpt lat="30.617417" lon="104.328705"><ele>677.74</ele></trkpt><trkpt lat="30.617506" lon="104.328744"><ele>674.5</ele></trkpt><trkpt lat="30.617604" lon="104.328766"><ele>671.41</ele></trkpt><trkpt lat="30.617701" lon="104.328779"><ele>668.05</ele></trkpt><trkpt lat="30.617803" lon="104.328804"><ele>664.7</ele></trkpt><trkpt lat="30.617898" lon="104.328826"><ele>660.67</ele></trkpt><trkpt lat="30.618005" lon="104.328845"><ele>657.13</ele></trkpt><trkpt lat="30.618111" lon="104.328851"><ele>653.59</ele></trkpt><trkpt lat="30.618211" lon="104.328841"><ele>648.78</ele></trkpt><trkpt lat="30.618306" lon="104.328837"><ele>643.51</ele></trkpt><trkpt lat="30.618407" lon="104.32883"><ele>638.66</ele></trkpt><trkpt lat="30.618503" lon="104.328848"><ele>634.36</ele></trkpt><trkpt lat="30.618594" lon="104.328882"><ele>630.36</ele></trkpt><trkpt lat="30.618684" lon="104.328926"><ele>627.39</ele></trkpt><trkpt lat="30.618771" lon="104.328965"><ele>624.44</ele></trkpt><trkpt lat="30.618864" lon="104.329003"><ele>621.68</ele></trkpt><trkpt lat="30.618952" lon="104.32904"><ele>619.17</ele></trkpt><trkpt lat="30.619043" lon="104.329065"><ele>617.18</ele></trkpt><trkpt lat="30.619134" lon="104.329083"><ele>614.99</ele></trkpt><trkpt lat="30.619231" lon="104.32912"><ele>612.39</ele></trkpt><trkpt lat="30.619318" lon="104.329156"><ele>610.08</ele></trkpt><trkpt lat="30.619335" lon="104.329166"><ele>607.34</ele></trkpt><trkpt lat="30.619446" lon="104.329212"><ele>605.54</ele></trkpt><trkpt lat="30.619815" lon="104.329354"><ele>604.24</ele></trkpt><trkpt lat="30.620002" lon="104.329419"><ele>599.6</ele></trkpt><trkpt lat="30.620134" lon="104.32945"><ele>594.12</ele></trkpt><trkpt lat="30.620227" lon="104.32948"><ele>586.72</ele></trkpt><trkpt lat="30.620315" lon="104.329489"><ele>578.15</ele></trkpt><trkpt lat="30.620404" lon="104.329486"><ele>570.29</ele></trkpt><trkpt lat="30.620493" lon="104.329498"><ele>562.58</ele></trkpt><trkpt lat="30.620586" lon="104.329525"><ele>554.08</ele></trkpt><trkpt lat="30.620634" lon="104.329458"><ele>545.79</ele></trkpt><trkpt lat="30.620632" lon="104.329353"><ele>536.81</ele></trkpt><trkpt lat="30.620694" lon="104.329319"><ele>530.83</ele></trkpt><trkpt lat="30.620776" lon="104.329353"><ele>524.62</ele></trkpt><trkpt lat="30.620877" lon="104.329376"><ele>517.15</ele></trkpt><trkpt lat="30.620979" lon="104.329412"><ele>512.63</ele></trkpt><trkpt lat="30.621073" lon="104.329406"><ele>510.05</ele></trkpt><trkpt lat="30.621166" lon="104.329418"><ele>508.97</ele></trkpt><trkpt lat="30.621258" lon="104.329424"><ele>506.62</ele></trkpt><trkpt lat="30.621355" lon="104.329439"><ele>505.19</ele></trkpt><trkpt lat="30.621454" lon="104.329464"><ele>504.2</ele></trkpt><trkpt lat="30.621523" lon="104.329545"><ele>503.91</ele></trkpt><trkpt lat="30.621475" lon="104.329632"><ele>509.06</ele></trkpt><trkpt lat="30.621464" lon="104.329743"><ele>513.23</ele></trkpt><trkpt lat="30.621478" lon="104.329863"><ele>516.52</ele></trkpt><trkpt lat="30.621535" lon="104.329957"><ele>517.45</ele></trkpt><trkpt lat="30.621618" lon="104.330014"><ele>518.32</ele></trkpt><trkpt lat="30.621712" lon="104.330073"><ele>519.31</ele></trkpt><trkpt lat="30.62179" lon="104.330154"><ele>520.44</ele></trkpt><trkpt lat="30.621853" lon="104.33024"><ele>521.98</ele></trkpt><trkpt lat="30.621857" lon="104.330359"><ele>523.86</ele></trkpt><trkpt lat="30.621787" lon="104.330455"><ele>525.35</ele></trkpt><trkpt lat="30.62181" lon="104.330534"><ele>526.09</ele></trkpt><trkpt lat="30.621888" lon="104.330535"><ele>526.06</ele></trkpt><trkpt lat="30.621977" lon="104.330476"><ele>527.58</ele></trkpt><trkpt lat="30.62207" lon="104.330487"><ele>530.3</ele></trkpt><trkpt lat="30.622144" lon="104.330549"><ele>533.47</ele></trkpt><trkpt lat="30.622191" lon="104.33065"><ele>536.2</ele></trkpt><trkpt lat="30.622221" lon="104.330766"><ele>538.53</ele></trkpt><trkpt lat="30.622272" lon="104.330861"><ele>537.89</ele></trkpt><trkpt lat="30.622346" lon="104.330933"><ele>540.62</ele></trkpt><trkpt lat="30.622398" lon="104.331021"><ele>543.41</ele></trkpt><trkpt lat="30.622447" lon="104.331112"><ele>545.04</ele></trkpt><trkpt lat="30.62252" lon="104.331167"><ele>548.86</ele></trkpt><trkpt lat="30.622597" lon="104.331229"><ele>550.69</ele></trkpt><trkpt lat="30.622671" lon="104.331296"><ele>551.5</ele></trkpt><trkpt lat="30.622705" lon="104.33139"><ele>552.59</ele></trkpt><trkpt lat="30.622644" lon="104.331463"><ele>554.65</ele></trkpt><trkpt lat="30.622567" lon="104.331538"><ele>556.82</ele></trkpt><trkpt lat="30.62259" lon="104.331615"><ele>558.97</ele></trkpt><trkpt lat="30.622673" lon="104.331627"><ele>560.94</ele></trkpt><trkpt lat="30.622773" lon="104.331628"><ele>562.69</ele></trkpt><trkpt lat="30.622874" lon="104.331623"><ele>565.05</ele></trkpt><trkpt lat="30.622954" lon="104.331672"><ele>567.05</ele></trkpt><trkpt lat="30.623045" lon="104.3317"><ele>569.9</ele></trkpt><trkpt lat="30.623131" lon="104.331739"><ele>573.5</ele></trkpt><trkpt lat="30.623221" lon="104.331783"><ele>577.13</ele></trkpt><trkpt lat="30.623296" lon="104.331846"><ele>582.14</ele></trkpt><trkpt lat="30.623371" lon="104.331911"><ele>585.72</ele></trkpt><trkpt lat="30.623448" lon="104.331977"><ele>588.17</ele></trkpt><trkpt lat="30.623525" lon="104.332044"><ele>590.04</ele></trkpt><trkpt lat="30.623613" lon="104.332079"><ele>593.77</ele></trkpt><trkpt lat="30.623688" lon="104.332139"><ele>598.16</ele></trkpt><trkpt lat="30.623767" lon="104.332203"><ele>602.35</ele></trkpt><trkpt lat="30.623853" lon="104.332239"><ele>607.13</ele></trkpt><trkpt lat="30.623927" lon="104.332296"><ele>613.77</ele></trkpt><trkpt lat="30.62401" lon="104.332346"><ele>618.49</ele></trkpt><trkpt lat="30.624114" lon="104.332377"><ele>620.5</ele></trkpt><trkpt lat="30.624223" lon="104.332383"><ele>620.63</ele></trkpt><trkpt lat="30.624324" lon="104.332363"><ele>620.0</ele></trkpt><trkpt lat="30.624411" lon="104.332391"><ele>617.99</ele></trkpt><trkpt lat="30.624502" lon="104.332432"><ele>615.52</ele></trkpt><trkpt lat="30.624604" lon="104.33246"><ele>613.31</ele></trkpt><trkpt lat="30.624704" lon="104.332477"><ele>610.16</ele></trkpt><trkpt lat="30.624821" lon="104.332478"><ele>607.04</ele></trkpt><trkpt lat="30.624933" lon="104.3325"><ele>603.68</ele></trkpt><trkpt lat="30.625035" lon="104.33251"><ele>599.88</ele></trkpt><trkpt lat="30.625128" lon="104.332542"><ele>596.5</ele></trkpt><trkpt lat="30.625217" lon="104.332542"><ele>593.49</ele></trkpt><trkpt lat="30.625311" lon="104.332564"><ele>590.08</ele></trkpt><trkpt lat="30.625404" lon="104.332572"><ele>587.96</ele></trkpt><trkpt lat="30.625498" lon="104.332595"><ele>585.9</ele></trkpt><trkpt lat="30.625601" lon="104.332599"><ele>584.28</ele></trkpt><trkpt lat="30.625702" lon="104.332611"><ele>582.84</ele></trkpt><trkpt lat="30.625796" lon="104.332623"><ele>582.95</ele></trkpt><trkpt lat="30.625845" lon="104.33271"><ele>582.8</ele></trkpt><trkpt lat="30.625912" lon="104.332778"><ele>580.76</ele></trkpt><trkpt lat="30.625993" lon="104.332837"><ele>579.29</ele></trkpt><trkpt lat="30.626091" lon="104.332865"><ele>578.15</ele></trkpt><trkpt lat="30.626193" lon="104.332849"><ele>576.09</ele></trkpt><trkpt lat="30.626294" lon="104.332825"><ele>574.05</ele></trkpt><trkpt lat="30.62639" lon="104.332821"><ele>572.04</ele></trkpt><trkpt lat="30.626478" lon="104.332778"><ele>569.95</ele></trkpt><trkpt lat="30.626561" lon="104.332732"><ele>567.65</ele></trkpt><trkpt lat="30.626632" lon="104.332661"><ele>566.8</ele></trkpt><trkpt lat="30.626694" lon="104.332566"><ele>565.86</ele></trkpt><trkpt lat="30.626756" lon="104.332468"><ele>562.59</ele></trkpt><trkpt lat="30.626837" lon="104.332415"><ele>559.32</ele></trkpt><trkpt lat="30.626924" lon="104.332432"><ele>557.1</ele></trkpt><trkpt lat="30.627016" lon="104.332454"><ele>555.13</ele></trkpt><trkpt lat="30.62711" lon="104.332456"><ele>553.49</ele></trkpt><trkpt lat="30.627208" lon="104.332442"><ele>553.28</ele></trkpt><trkpt lat="30.627293" lon="104.332397"><ele>552.97</ele></trkpt><trkpt lat="30.627376" lon="104.332352"><ele>552.53</ele></trkpt><trkpt lat="30.62747" lon="104.332328"><ele>551.2</ele></trkpt><trkpt lat="30.627564" lon="104.3323"><ele>549.93</ele></trkpt><trkpt lat="30.627657" lon="104.332307"><ele>548.37</ele></trkpt><trkpt lat="30.627745" lon="104.332344"><ele>547.47</ele></trkpt><trkpt lat="30.627836" lon="104.332358"><ele>544.12</ele></trkpt><trkpt lat="30.62793" lon="104.332354"><ele>544.12</ele></trkpt><trkpt lat="30.62803" lon="104.332357"><ele>541.09</ele></trkpt><trkpt lat="30.628131" lon="104.332359"><ele>539.37</ele></trkpt><trkpt lat="30.628235" lon="104.33235"><ele>537.14</ele></trkpt><trkpt lat="30.628333" lon="104.332373"><ele>535.29</ele></trkpt><trkpt lat="30.628385" lon="104.332467"><ele>534.05</ele></trkpt><trkpt lat="30.628424" lon="104.332576"><ele>532.85</ele></trkpt><trkpt lat="30.628489" lon="104.332655"><ele>531.58</ele></trkpt><trkpt lat="30.628571" lon="104.332709"><ele>529.04</ele></trkpt><trkpt lat="30.628654" lon="104.332759"><ele>526.19</ele></trkpt><trkpt lat="30.628751" lon="104.332771"><ele>523.27</ele></trkpt><trkpt lat="30.628843" lon="104.332803"><ele>522.08</ele></trkpt><trkpt lat="30.628932" lon="104.332851"><ele>520.49</ele></trkpt><trkpt lat="30.629022" lon="104.332863"><ele>517.41</ele></trkpt><trkpt lat="30.62912" lon="104.332875"><ele>514.38</ele></trkpt><trkpt lat="30.629215" lon="104.33289"><ele>513.06</ele></trkpt><trkpt lat="30.629308" lon="104.332905"><ele>512.79</ele></trkpt><trkpt lat="30.62941" lon="104.332884"><ele>513.06</ele></trkpt><trkpt lat="30.629507" lon="104.332874"><ele>509.57</ele></trkpt><trkpt lat="30.629606" lon="104.332875"><ele>507.6</ele></trkpt><trkpt lat="30.629693" lon="104.332825"><ele>505.41</ele></trkpt><trkpt lat="30.629786" lon="104.332762"><ele>502.84</ele></trkpt><trkpt lat="30.629876" lon="104.332701"><ele>501.68</ele></trkpt><trkpt lat="30.629895" lon="104.3326"><ele>500.78</ele></trkpt><trkpt lat="30.629925" lon="104.332643"><ele>498.85</ele></trkpt><trkpt lat="30.629977" lon="104.332606"><ele>497.16</ele></trkpt><trkpt lat="30.63006" lon="104.33258"><ele>495.82</ele></trkpt><trkpt lat="30.630123" lon="104.332502"><ele>494.55</ele></trkpt><trkpt lat="30.630198" lon="104.332439"><ele>495.32</ele></trkpt><trkpt lat="30.630265" lon="104.332497"><ele>494.26</ele></trkpt><trkpt lat="30.630288" lon="104.332604"><ele>493.89</ele></trkpt><trkpt lat="30.630302" lon="104.332723"><ele>490.95</ele></trkpt><trkpt lat="30.630307" lon="104.332843"><ele>488.42</ele></trkpt><trkpt lat="30.630369" lon="104.332905"><ele>486.84</ele></trkpt><trkpt lat="30.630454" lon="104.332957"><ele>485.48</ele></trkpt><trkpt lat="30.630549" lon="104.33294"><ele>484.98</ele></trkpt><trkpt lat="30.630639" lon="104.332884"><ele>484.31</ele></trkpt><trkpt lat="30.630731" lon="104.332848"><ele>483.97</ele></trkpt><trkpt lat="30.630822" lon="104.332808"><ele>483.07</ele></trkpt><trkpt lat="30.630921" lon="104.332753"><ele>480.48</ele></trkpt><trkpt lat="30.631018" lon="104.332729"><ele>480.27</ele></trkpt><trkpt lat="30.631113" lon="104.332763"><ele>480.96</ele></trkpt><trkpt lat="30.631206" lon="104.332797"><ele>481.28</ele></trkpt><trkpt lat="30.631302" lon="104.332817"><ele>481.0</ele></trkpt><trkpt lat="30.631395" lon="104.332859"><ele>480.73</ele></trkpt><trkpt lat="30.631487" lon="104.332907"><ele>480.71</ele></trkpt><trkpt lat="30.631569" lon="104.332882"><ele>480.86</ele></trkpt><trkpt lat="30.63166" lon="104.332848"><ele>482.32</ele></trkpt><trkpt lat="30.631755" lon="104.33283"><ele>484.58</ele></trkpt><trkpt lat="30.631709" lon="104.33284"><ele>486.42</ele></trkpt><trkpt lat="30.631619" lon="104.332885"><ele>489.87</ele></trkpt><trkpt lat="30.631653" lon="104.332926"><ele>494.6</ele></trkpt><trkpt lat="30.631739" lon="104.332937"><ele>496.22</ele></trkpt><trkpt lat="30.63185" lon="104.332937"><ele>497.38</ele></trkpt><trkpt lat="30.631959" lon="104.332939"><ele>498.03</ele></trkpt><trkpt lat="30.632061" lon="104.332948"><ele>498.17</ele></trkpt><trkpt lat="30.632145" lon="104.332996"><ele>498.66</ele></trkpt><trkpt lat="30.632159" lon="104.3331"><ele>500.49</ele></trkpt><trkpt lat="30.632185" lon="104.333218"><ele>502.42</ele></trkpt><trkpt lat="30.632241" lon="104.333312"><ele>503.47</ele></trkpt><trkpt lat="30.632314" lon="104.33339"><ele>502.84</ele></trkpt><trkpt lat="30.6324" lon="104.333432"><ele>502.54</ele></trkpt><trkpt lat="30.63248" lon="104.333482"><ele>502.39</ele></trkpt><trkpt lat="30.632546" lon="104.333566"><ele>502.18</ele></trkpt><trkpt lat="30.632615" lon="104.333658"><ele>503.8</ele></trkpt><trkpt lat="30.632687" lon="104.333746"><ele>506.44</ele></trkpt><trkpt lat="30.632768" lon="104.333801"><ele>509.36</ele></trkpt><trkpt lat="30.632839" lon="104.333866"><ele>511.94</ele></trkpt><trkpt lat="30.632868" lon="104.333965"><ele>514.33</ele></trkpt><trkpt lat="30.632839" lon="104.334063"><ele>517.15</ele></trkpt><trkpt lat="30.632878" lon="104.33415"><ele>520.36</ele></trkpt><trkpt lat="30.632938" lon="104.334229"><ele>522.73</ele></trkpt><trkpt lat="30.633008" lon="104.3343"><ele>523.65</ele></trkpt><trkpt lat="30.633093" lon="104.334358"><ele>523.99</ele></trkpt><trkpt lat="30.633184" lon="104.334335"><ele>523.32</ele></trkpt><trkpt lat="30.633261" lon="104.33426"><ele>523.37</ele></trkpt><trkpt lat="30.633347" lon="104.334241"><ele>523.3</ele></trkpt><trkpt lat="30.633441" lon="104.334217"><ele>522.42</ele></trkpt><trkpt lat="30.633541" lon="104.334215"><ele>521.62</ele></trkpt><trkpt lat="30.633635" lon="104.334201"><ele>521.48</ele></trkpt><trkpt lat="30.633726" lon="104.334194"><ele>521.4</ele></trkpt><trkpt lat="30.633813" lon="104.334164"><ele>521.51</ele></trkpt><trkpt lat="30.633902" lon="104.334123"><ele>521.29</ele></trkpt><trkpt lat="30.634001" lon="104.334082"><ele>521.0</ele></trkpt><trkpt lat="30.634097" lon="104.334089"><ele>517.45</ele></trkpt><trkpt lat="30.634191" lon="104.334112"><ele>518.65</ele></trkpt><trkpt lat="30.634265" lon="104.334182"><ele>519.89</ele></trkpt><trkpt lat="30.634339" lon="104.334254"><ele>520.79</ele></trkpt><trkpt lat="30.63441" lon="104.334326"><ele>521.8</ele></trkpt><trkpt lat="30.634492" lon="104.334385"><ele>522.57</ele></trkpt><trkpt lat="30.634572" lon="104.334446"><ele>523.73</ele></trkpt><trkpt lat="30.634663" lon="104.334474"><ele>524.27</ele></trkpt><trkpt lat="30.634751" lon="104.33453"><ele>523.93</ele></trkpt><trkpt lat="30.63482" lon="104.334613"><ele>520.97</ele></trkpt><trkpt lat="30.634849" lon="104.334718"><ele>517.42</ele></trkpt><trkpt lat="30.634909" lon="104.334709"><ele>514.3</ele></trkpt><trkpt lat="30.63497" lon="104.334633"><ele>512.29</ele></trkpt><trkpt lat="30.635022" lon="104.33452"><ele>510.85</ele></trkpt><trkpt lat="30.635044" lon="104.334389"><ele>509.05</ele></trkpt><trkpt lat="30.63506" lon="104.334269"><ele>507.92</ele></trkpt><trkpt lat="30.635099" lon="104.334158"><ele>507.38</ele></trkpt><trkpt lat="30.635175" lon="104.334076"><ele>506.93</ele></trkpt><trkpt lat="30.635259" lon="104.334016"><ele>506.38</ele></trkpt><trkpt lat="30.635352" lon="104.333978"><ele>504.46</ele></trkpt><trkpt lat="30.63545" lon="104.333995"><ele>504.11</ele></trkpt><trkpt lat="30.635558" lon="104.334008"><ele>504.94</ele></trkpt><trkpt lat="30.635651" lon="104.333987"><ele>505.25</ele></trkpt><trkpt lat="30.635724" lon="104.333919"><ele>504.35</ele></trkpt><trkpt lat="30.635774" lon="104.333817"><ele>501.9</ele></trkpt><trkpt lat="30.635801" lon="104.333694"><ele>499.39</ele></trkpt><trkpt lat="30.635864" lon="104.33361"><ele>496.8</ele></trkpt><trkpt lat="30.63595" lon="104.333602"><ele>494.75</ele></trkpt><trkpt lat="30.635877" lon="104.333579"><ele>491.5</ele></trkpt><trkpt lat="30.635861" lon="104.333476"><ele>489.84</ele></trkpt><trkpt lat="30.635858" lon="104.333362"><ele>488.56</ele></trkpt><trkpt lat="30.635831" lon="104.333254"><ele>487.34</ele></trkpt><trkpt lat="30.635805" lon="104.33315"><ele>485.98</ele></trkpt><trkpt lat="30.635901" lon="104.33317"><ele>485.08</ele></trkpt><trkpt lat="30.635986" lon="104.333085"><ele>483.13</ele></trkpt><trkpt lat="30.636061" lon="104.333011"><ele>479.49</ele></trkpt><trkpt lat="30.636104" lon="104.332911"><ele>476.58</ele></trkpt><trkpt lat="30.636067" lon="104.332814"><ele>471.81</ele></trkpt><trkpt lat="30.636024" lon="104.332709"><ele>469.82</ele></trkpt><trkpt lat="30.635939" lon="104.332625"><ele>467.81</ele></trkpt><trkpt lat="30.635844" lon="104.332559"><ele>466.38</ele></trkpt><trkpt lat="30.635742" lon="104.332526"><ele>466.37</ele></trkpt><trkpt lat="30.635653" lon="104.332474"><ele>466.53</ele></trkpt><trkpt lat="30.635575" lon="104.332411"><ele>466.96</ele></trkpt><trkpt lat="30.635488" lon="104.332414"><ele>468.12</ele></trkpt><trkpt lat="30.635397" lon="104.332443"><ele>468.45</ele></trkpt><trkpt lat="30.635306" lon="104.332415"><ele>464.95</ele></trkpt><trkpt lat="30.635206" lon="104.332369"><ele>467.9</ele></trkpt><trkpt lat="30.635122" lon="104.332309"><ele>470.41</ele></trkpt><trkpt lat="30.635041" lon="104.332253"><ele>470.72</ele></trkpt><trkpt lat="30.634964" lon="104.33218"><ele>469.36</ele></trkpt><trkpt lat="30.634907" lon="104.332075"><ele>468.52</ele></trkpt><trkpt lat="30.634882" lon="104.331959"><ele>468.59</ele></trkpt><trkpt lat="30.634896" lon="104.331842"><ele>467.68</ele></trkpt><trkpt lat="30.634944" lon="104.331738"><ele>467.35</ele></trkpt><trkpt lat="30.635001" lon="104.331632"><ele>468.92</ele></trkpt><trkpt lat="30.635061" lon="104.331534"><ele>470.83</ele></trkpt><trkpt lat="30.635128" lon="104.331452"><ele>472.6</ele></trkpt><trkpt lat="30.635182" lon="104.331364"><ele>474.07</ele></trkpt><trkpt lat="30.635237" lon="104.331271"><ele>474.65</ele></trkpt><trkpt lat="30.635301" lon="104.33118"><ele>474.98</ele></trkpt><trkpt lat="30.63536" lon="104.33109"><ele>475.58</ele></trkpt><trkpt lat="30.635433" lon="104.331005"><ele>476.01</ele></trkpt><trkpt lat="30.635513" lon="104.330923"><ele>478.29</ele></trkpt><trkpt lat="30.635596" lon="104.330832"><ele>478.58</ele></trkpt><trkpt lat="30.635667" lon="104.330741"><ele>478.41</ele></trkpt><trkpt lat="30.635706" lon="104.330634"><ele>475.78</ele></trkpt><trkpt lat="30.635746" lon="104.33053"><ele>473.93</ele></trkpt><trkpt lat="30.635773" lon="104.330428"><ele>473.62</ele></trkpt><trkpt lat="30.635784" lon="104.330317"><ele>473.52</ele></trkpt><trkpt lat="30.635799" lon="104.330206"><ele>475.26</ele></trkpt><trkpt lat="30.635797" lon="104.330098"><ele>474.02</ele></trkpt><trkpt lat="30.63581" lon="104.329986"><ele>474.61</ele></trkpt><trkpt lat="30.635818" lon="104.329879"><ele>475.18</ele></trkpt><trkpt lat="30.63582" lon="104.329765"><ele>475.14</ele></trkpt><trkpt lat="30.635847" lon="104.329658"><ele>474.95</ele></trkpt><trkpt lat="30.635891" lon="104.329564"><ele>474.82</ele></trkpt><trkpt lat="30.635953" lon="104.32948"><ele>474.4</ele></trkpt><trkpt lat="30.636027" lon="104.329402"><ele>473.5</ele></trkpt><trkpt lat="30.636104" lon="104.329319"><ele>472.81</ele></trkpt><trkpt lat="30.636199" lon="104.329249"><ele>471.63</ele></trkpt><trkpt lat="30.636298" lon="104.329196"><ele>470.89</ele></trkpt><trkpt lat="30.636404" lon="104.329154"><ele>470.54</ele></trkpt><trkpt lat="30.636503" lon="104.329108"><ele>469.39</ele></trkpt><trkpt lat="30.636571" lon="104.329034"><ele>468.91</ele></trkpt><trkpt lat="30.636657" lon="104.328978"><ele>470.07</ele></trkpt><trkpt lat="30.636741" lon="104.329007"><ele>468.4</ele></trkpt><trkpt lat="30.636818" lon="104.329078"><ele>467.16</ele></trkpt><trkpt lat="30.636878" lon="104.328999"><ele>465.69</ele></trkpt><trkpt lat="30.636925" lon="104.328891"><ele>469.67</ele></trkpt><trkpt lat="30.636978" lon="104.328791"><ele>469.49</ele></trkpt><trkpt lat="30.637034" lon="104.328694"><ele>470.82</ele></trkpt><trkpt lat="30.637117" lon="104.328626"><ele>471.97</ele></trkpt><trkpt lat="30.637191" lon="104.328557"><ele>477.98</ele></trkpt><trkpt lat="30.637265" lon="104.32849"><ele>479.25</ele></trkpt><trkpt lat="30.637341" lon="104.328422"><ele>479.78</ele></trkpt><trkpt lat="30.637419" lon="104.328358"><ele>479.71</ele></trkpt><trkpt lat="30.637483" lon="104.328269"><ele>479.6</ele></trkpt><trkpt lat="30.637551" lon="104.328189"><ele>479.31</ele></trkpt><trkpt lat="30.637627" lon="104.328122"><ele>478.97</ele></trkpt><trkpt lat="30.637692" lon="104.328048"><ele>478.33</ele></trkpt><trkpt lat="30.637765" lon="104.32797"><ele>477.85</ele></trkpt><trkpt lat="30.637839" lon="104.327897"><ele>477.44</ele></trkpt><trkpt lat="30.637905" lon="104.327817"><ele>477.56</ele></trkpt><trkpt lat="30.637975" lon="104.327747"><ele>478.13</ele></trkpt><trkpt lat="30.63804" lon="104.327656"><ele>478.08</ele></trkpt><trkpt lat="30.638113" lon="104.327576"><ele>478.33</ele></trkpt><trkpt lat="30.638184" lon="104.327495"><ele>473.85</ele></trkpt><trkpt lat="30.638184" lon="104.327382"><ele>471.37</ele></trkpt><trkpt lat="30.638144" lon="104.327279"><ele>470.17</ele></trkpt><trkpt lat="30.638097" lon="104.32716"><ele>473.61</ele></trkpt><trkpt lat="30.63804" lon="104.327047"><ele>476.17</ele></trkpt><trkpt lat="30.63795" lon="104.327028"><ele>478.49</ele></trkpt><trkpt lat="30.637856" lon="104.327008"><ele>474.77</ele></trkpt><trkpt lat="30.637797" lon="104.326939"><ele>473.27</ele></trkpt><trkpt lat="30.637724" lon="104.326874"><ele>472.68</ele></trkpt><trkpt lat="30.637641" lon="104.326893"><ele>475.1</ele></trkpt><trkpt lat="30.637576" lon="104.326973"><ele>470.08</ele></trkpt><trkpt lat="30.637598" lon="104.327075"><ele>468.62</ele></trkpt><trkpt lat="30.637565" lon="104.327184"><ele>470.79</ele></trkpt><trkpt lat="30.637569" lon="104.327133"><ele>473.0</ele></trkpt><trkpt lat="30.637568" lon="104.327026"><ele>475.14</ele></trkpt><trkpt lat="30.6376" lon="104.326908"><ele>476.25</ele></trkpt><trkpt lat="30.637699" lon="104.326842"><ele>475.98</ele></trkpt><trkpt lat="30.637791" lon="104.326776"><ele>473.23</ele></trkpt><trkpt lat="30.637863" lon="104.326701"><ele>460.84</ele></trkpt><trkpt lat="30.637938" lon="104.326628"><ele>453.49</ele></trkpt><trkpt lat="30.638033" lon="104.326625"><ele>448.97</ele></trkpt><trkpt lat="30.638126" lon="104.326607"><ele>446.29</ele></trkpt><trkpt lat="30.638224" lon="104.326656"><ele>444.73</ele></trkpt><trkpt lat="30.638323" lon="104.32672"><ele>443.57</ele></trkpt><trkpt lat="30.638271" lon="104.326766"><ele>444.36</ele></trkpt><trkpt lat="30.638168" lon="104.326798"><ele>446.78</ele></trkpt><trkpt lat="30.638077" lon="104.326865"><ele>449.62</ele></trkpt><trkpt lat="30.638047" lon="104.326965"><ele>451.74</ele></trkpt><trkpt lat="30.63806" lon="104.327072"><ele>453.35</ele></trkpt><trkpt lat="30.638095" lon="104.327187"><ele>453.93</ele></trkpt><trkpt lat="30.638129" lon="104.327295"><ele>452.69</ele></trkpt><trkpt lat="30.638149" lon="104.327401"><ele>451.57</ele></trkpt><trkpt lat="30.638222" lon="104.327441"><ele>451.34</ele></trkpt><trkpt lat="30.638317" lon="104.327418"><ele>452.53</ele></trkpt><trkpt lat="30.638409" lon="104.327314"><ele>453.83</ele></trkpt><trkpt lat="30.638506" lon="104.327294"><ele>461.0</ele></trkpt><trkpt lat="30.6386" lon="104.327298"><ele>470.11</ele></trkpt><trkpt lat="30.638695" lon="104.327307"><ele>473.92</ele></trkpt><trkpt lat="30.638792" lon="104.327353"><ele>476.32</ele></trkpt><trkpt lat="30.638895" lon="104.327394"><ele>476.6</ele></trkpt><trkpt lat="30.638998" lon="104.327414"><ele>474.63</ele></trkpt><trkpt lat="30.639063" lon="104.327498"><ele>473.7</ele></trkpt><trkpt lat="30.639088" lon="104.327611"><ele>469.84</ele></trkpt><trkpt lat="30.639089" lon="104.327738"><ele>466.8</ele></trkpt><trkpt lat="30.639099" lon="104.327863"><ele>465.66</ele></trkpt><trkpt lat="30.639144" lon="104.327981"><ele>464.76</ele></trkpt><trkpt lat="30.639184" lon="104.328087"><ele>463.51</ele></trkpt><trkpt lat="30.639242" lon="104.328179"><ele>471.06</ele></trkpt><trkpt lat="30.639294" lon="104.32828"><ele>474.86</ele></trkpt><trkpt lat="30.639348" lon="104.328383"><ele>476.9</ele></trkpt><trkpt lat="30.639387" lon="104.328485"><ele>478.61</ele></trkpt><trkpt lat="30.639413" lon="104.328588"><ele>472.9</ele></trkpt><trkpt lat="30.639456" lon="104.328684"><ele>469.03</ele></trkpt><trkpt lat="30.63949" lon="104.328798"><ele>465.93</ele></trkpt><trkpt lat="30.639397" lon="104.328852"><ele>464.19</ele></trkpt><trkpt lat="30.639482" lon="104.328819"><ele>463.72</ele></trkpt><trkpt lat="30.639492" lon="104.328863"><ele>464.14</ele></trkpt><trkpt lat="30.63943" lon="104.328942"><ele>459.48</ele></trkpt><trkpt lat="30.639367" lon="104.328928"><ele>455.4</ele></trkpt><trkpt lat="30.639432" lon="104.328829"><ele>455.3</ele></trkpt><trkpt lat="30.639508" lon="104.328902"><ele>456.06</ele></trkpt><trkpt lat="30.639566" lon="104.328986"><ele>457.88</ele></trkpt><trkpt lat="30.639606" lon="104.329079"><ele>462.04</ele></trkpt><trkpt lat="30.639602" lon="104.329005"><ele>464.32</ele></trkpt><trkpt lat="30.639555" lon="104.328885"><ele>465.99</ele></trkpt><trkpt lat="30.639518" lon="104.328763"><ele>466.95</ele></trkpt><trkpt lat="30.639468" lon="104.32864"><ele>467.21</ele></trkpt><trkpt lat="30.639414" lon="104.328533"><ele>468.08</ele></trkpt><trkpt lat="30.63936" lon="104.328426"><ele>468.6</ele></trkpt><trkpt lat="30.639319" lon="104.328324"><ele>468.37</ele></trkpt><trkpt lat="30.639259" lon="104.328232"><ele>468.24</ele></trkpt><trkpt lat="30.639217" lon="104.328116"><ele>468.09</ele></trkpt><trkpt lat="30.639181" lon="104.327997"><ele>468.44</ele></trkpt><trkpt lat="30.639133" lon="104.327879"><ele>469.37</ele></trkpt><trkpt lat="30.639097" lon="104.327765"><ele>471.23</ele></trkpt><trkpt lat="30.639066" lon="104.327659"><ele>472.81</ele></trkpt><trkpt lat="30.639044" lon="104.327542"><ele>474.27</ele></trkpt><trkpt lat="30.639045" lon="104.327425"><ele>475.22</ele></trkpt><trkpt lat="30.638983" lon="104.327343"><ele>476.04</ele></trkpt><trkpt lat="30.638889" lon="104.327327"><ele>477.19</ele></trkpt><trkpt lat="30.638785" lon="104.327329"><ele>477.79</ele></trkpt><trkpt lat="30.638686" lon="104.327296"><ele>478.23</ele></trkpt><trkpt lat="30.638577" lon="104.327276"><ele>478.62</ele></trkpt><trkpt lat="30.63848" lon="104.327287"><ele>478.65</ele></trkpt><trkpt lat="30.638383" lon="104.327309"><ele>478.82</ele></trkpt><trkpt lat="30.638298" lon="104.32737"><ele>479.83</ele></trkpt><trkpt lat="30.638206" lon="104.327405"><ele>481.27</ele></trkpt><trkpt lat="30.638142" lon="104.327486"><ele>483.06</ele></trkpt><trkpt lat="30.638149" lon="104.327429"><ele>484.46</ele></trkpt><trkpt lat="30.638109" lon="104.327346"><ele>482.95</ele></trkpt><trkpt lat="30.638073" lon="104.327242"><ele>481.92</ele></trkpt><trkpt lat="30.638042" lon="104.327117"><ele>480.22</ele></trkpt><trkpt lat="30.638009" lon="104.327006"><ele>478.45</ele></trkpt><trkpt lat="30.637933" lon="104.326936"><ele>477.58</ele></trkpt><trkpt lat="30.63784" lon="104.326876"><ele>477.55</ele></trkpt><trkpt lat="30.637763" lon="104.32681"><ele>477.43</ele></trkpt><trkpt lat="30.63772" lon="104.326713"><ele>477.4</ele></trkpt><trkpt lat="30.637663" lon="104.326604"><ele>476.75</ele></trkpt><trkpt lat="30.637592" lon="104.326515"><ele>476.11</ele></trkpt><trkpt lat="30.637511" lon="104.326455"><ele>475.73</ele></trkpt><trkpt lat="30.637436" lon="104.326371"><ele>476.1</ele></trkpt><trkpt lat="30.637362" lon="104.326289"><ele>476.57</ele></trkpt><trkpt lat="30.637283" lon="104.326224"><ele>476.94</ele></trkpt><trkpt lat="30.637205" lon="104.326165"><ele>476.76</ele></trkpt><trkpt lat="30.637127" lon="104.326105"><ele>476.63</ele></trkpt><trkpt lat="30.637042" lon="104.326064"><ele>476.46</ele></trkpt><trkpt lat="30.636952" lon="104.326043"><ele>476.67</ele></trkpt><trkpt lat="30.636862" lon="104.326003"><ele>476.47</ele></trkpt><trkpt lat="30.636775" lon="104.325959"><ele>476.3</ele></trkpt><trkpt lat="30.636678" lon="104.325926"><ele>476.53</ele></trkpt><trkpt lat="30.6366" lon="104.325969"><ele>476.78</ele></trkpt><trkpt lat="30.636552" lon="104.32607"><ele>476.7</ele></trkpt><trkpt lat="30.636509" lon="104.326188"><ele>476.73</ele></trkpt><trkpt lat="30.636452" lon="104.326304"><ele>476.86</ele></trkpt><trkpt lat="30.636399" lon="104.326403"><ele>476.72</ele></trkpt><trkpt lat="30.636353" lon="104.326499"><ele>476.92</ele></trkpt><trkpt lat="30.6363" lon="104.326605"><ele>477.11</ele></trkpt><trkpt lat="30.63625" lon="104.32671"><ele>477.28</ele></trkpt><trkpt lat="30.636198" lon="104.326809"><ele>477.29</ele></trkpt><trkpt lat="30.636146" lon="104.326913"><ele>477.52</ele></trkpt><trkpt lat="30.636146" lon="104.326913"><ele>477.52</ele></trkpt></trkseg></trk></gpx>